-- --------------------------------------------------------
-- 主机:                           127.0.0.1
-- 服务器版本:                        5.7.11 - MySQL Community Server (GPL)
-- 服务器操作系统:                      Win64
-- HeidiSQL 版本:                  9.3.0.4984
-- --------------------------------------------------------

/*!40101 SET @OLD_CHARACTER_SET_CLIENT=@@CHARACTER_SET_CLIENT */;
/*!40101 SET NAMES utf8mb4 */;
/*!40014 SET @OLD_FOREIGN_KEY_CHECKS=@@FOREIGN_KEY_CHECKS, FOREIGN_KEY_CHECKS=0 */;
/*!40101 SET @OLD_SQL_MODE=@@SQL_MODE, SQL_MODE='NO_AUTO_VALUE_ON_ZERO' */;

-- 导出  表 db_rblog.city 结构
CREATE TABLE IF NOT EXISTS `city` (
  `code` varchar(9) COLLATE utf8_unicode_ci NOT NULL COMMENT '城市编码',
  `state_code` varchar(6) COLLATE utf8_unicode_ci NOT NULL COMMENT '城市所属州（省）',
  `state_name` varchar(5) COLLATE utf8_unicode_ci DEFAULT NULL COMMENT '州（省）的名称',
  `name` varchar(10) COLLATE utf8_unicode_ci NOT NULL COMMENT '城市名称',
  PRIMARY KEY (`code`),
  KEY `FK_city_state_code` (`state_code`),
  CONSTRAINT `FK_city_state_code` FOREIGN KEY (`state_code`) REFERENCES `state` (`code`) ON DELETE CASCADE ON UPDATE CASCADE
) ENGINE=InnoDB DEFAULT CHARSET=utf8 COLLATE=utf8_unicode_ci;

-- 正在导出表  db_rblog.city 的数据：~498 rows (大约)
DELETE FROM `city`;
/*!40000 ALTER TABLE `city` DISABLE KEYS */;
INSERT INTO `city` (`code`, `state_code`, `state_name`, `name`) VALUES
	('CHN011001', 'CHN011', '北京', '东城'),
	('CHN011002', 'CHN011', '北京', '西城'),
	('CHN011005', 'CHN011', '北京', '朝阳'),
	('CHN011006', 'CHN011', '北京', '丰台'),
	('CHN011007', 'CHN011', '北京', '石景山'),
	('CHN011008', 'CHN011', '北京', '海淀'),
	('CHN011009', 'CHN011', '北京', '门头沟'),
	('CHN011011', 'CHN011', '北京', '房山'),
	('CHN011012', 'CHN011', '北京', '通州'),
	('CHN011013', 'CHN011', '北京', '顺义'),
	('CHN011021', 'CHN011', '北京', '昌平'),
	('CHN011024', 'CHN011', '北京', '大兴'),
	('CHN011026', 'CHN011', '北京', '平谷'),
	('CHN011027', 'CHN011', '北京', '怀柔'),
	('CHN011028', 'CHN011', '北京', '密云'),
	('CHN011029', 'CHN011', '北京', '延庆'),
	('CHN012001', 'CHN012', '天津', '和平'),
	('CHN012002', 'CHN012', '天津', '河东'),
	('CHN012003', 'CHN012', '天津', '河西'),
	('CHN012004', 'CHN012', '天津', '南开'),
	('CHN012005', 'CHN012', '天津', '河北'),
	('CHN012006', 'CHN012', '天津', '红桥'),
	('CHN012010', 'CHN012', '天津', '东丽'),
	('CHN012011', 'CHN012', '天津', '西青'),
	('CHN012012', 'CHN012', '天津', '津南'),
	('CHN012013', 'CHN012', '天津', '北辰'),
	('CHN012021', 'CHN012', '天津', '宁河'),
	('CHN012022', 'CHN012', '天津', '武清'),
	('CHN012023', 'CHN012', '天津', '静海'),
	('CHN012024', 'CHN012', '天津', '宝坻'),
	('CHN012025', 'CHN012', '天津', '蓟县'),
	('CHN012026', 'CHN012', '天津', '滨海新区'),
	('CHN013001', 'CHN013', '河北', '石家庄'),
	('CHN013002', 'CHN013', '河北', '唐山'),
	('CHN013003', 'CHN013', '河北', '秦皇岛'),
	('CHN013004', 'CHN013', '河北', '邯郸'),
	('CHN013005', 'CHN013', '河北', '邢台'),
	('CHN013006', 'CHN013', '河北', '保定'),
	('CHN013007', 'CHN013', '河北', '张家口'),
	('CHN013008', 'CHN013', '河北', '承德'),
	('CHN013009', 'CHN013', '河北', '沧州'),
	('CHN013010', 'CHN013', '河北', '廊坊'),
	('CHN013011', 'CHN013', '河北', '衡水'),
	('CHN014001', 'CHN014', '山西', '太原'),
	('CHN014002', 'CHN014', '山西', '大同'),
	('CHN014003', 'CHN014', '山西', '阳泉'),
	('CHN014004', 'CHN014', '山西', '长治'),
	('CHN014005', 'CHN014', '山西', '晋城'),
	('CHN014006', 'CHN014', '山西', '朔州'),
	('CHN014007', 'CHN014', '山西', '晋中'),
	('CHN014008', 'CHN014', '山西', '运城'),
	('CHN014009', 'CHN014', '山西', '忻州'),
	('CHN014010', 'CHN014', '山西', '临汾'),
	('CHN014011', 'CHN014', '山西', '吕梁'),
	('CHN015001', 'CHN015', '内蒙古', '呼和浩特'),
	('CHN015002', 'CHN015', '内蒙古', '包头'),
	('CHN015003', 'CHN015', '内蒙古', '乌海'),
	('CHN015004', 'CHN015', '内蒙古', '赤峰'),
	('CHN015005', 'CHN015', '内蒙古', '通辽'),
	('CHN015006', 'CHN015', '内蒙古', '鄂尔多斯'),
	('CHN015007', 'CHN015', '内蒙古', '呼伦贝尔'),
	('CHN015008', 'CHN015', '内蒙古', '巴彦淖尔'),
	('CHN015009', 'CHN015', '内蒙古', '乌兰察布'),
	('CHN015022', 'CHN015', '内蒙古', '兴安'),
	('CHN015025', 'CHN015', '内蒙古', '锡林郭勒'),
	('CHN015029', 'CHN015', '内蒙古', '阿拉善'),
	('CHN021001', 'CHN021', '辽宁', '沈阳'),
	('CHN021002', 'CHN021', '辽宁', '大连'),
	('CHN021003', 'CHN021', '辽宁', '鞍山'),
	('CHN021004', 'CHN021', '辽宁', '抚顺'),
	('CHN021005', 'CHN021', '辽宁', '本溪'),
	('CHN021006', 'CHN021', '辽宁', '丹东'),
	('CHN021007', 'CHN021', '辽宁', '锦州'),
	('CHN021008', 'CHN021', '辽宁', '营口'),
	('CHN021009', 'CHN021', '辽宁', '阜新'),
	('CHN021010', 'CHN021', '辽宁', '辽阳'),
	('CHN021011', 'CHN021', '辽宁', '盘锦'),
	('CHN021012', 'CHN021', '辽宁', '铁岭'),
	('CHN021013', 'CHN021', '辽宁', '朝阳'),
	('CHN021014', 'CHN021', '辽宁', '葫芦岛'),
	('CHN022001', 'CHN022', '吉林', '长春'),
	('CHN022002', 'CHN022', '吉林', '吉林'),
	('CHN022003', 'CHN022', '吉林', '四平'),
	('CHN022004', 'CHN022', '吉林', '辽源'),
	('CHN022005', 'CHN022', '吉林', '通化'),
	('CHN022006', 'CHN022', '吉林', '白山'),
	('CHN022007', 'CHN022', '吉林', '松原'),
	('CHN022008', 'CHN022', '吉林', '白城'),
	('CHN022024', 'CHN022', '吉林', '延边'),
	('CHN023001', 'CHN023', '黑龙江', '哈尔滨'),
	('CHN023002', 'CHN023', '黑龙江', '齐齐哈尔'),
	('CHN023003', 'CHN023', '黑龙江', '鸡西'),
	('CHN023004', 'CHN023', '黑龙江', '鹤岗'),
	('CHN023005', 'CHN023', '黑龙江', '双鸭山'),
	('CHN023006', 'CHN023', '黑龙江', '大庆'),
	('CHN023007', 'CHN023', '黑龙江', '伊春'),
	('CHN023008', 'CHN023', '黑龙江', '佳木斯'),
	('CHN023009', 'CHN023', '黑龙江', '七台河'),
	('CHN023010', 'CHN023', '黑龙江', '牡丹江'),
	('CHN023011', 'CHN023', '黑龙江', '黑河'),
	('CHN023012', 'CHN023', '黑龙江', '绥化'),
	('CHN023027', 'CHN023', '黑龙江', '大兴安岭'),
	('CHN031001', 'CHN031', '上海', '黄浦'),
	('CHN031003', 'CHN031', '上海', '卢湾'),
	('CHN031004', 'CHN031', '上海', '徐汇'),
	('CHN031005', 'CHN031', '上海', '长宁'),
	('CHN031006', 'CHN031', '上海', '静安'),
	('CHN031007', 'CHN031', '上海', '普陀'),
	('CHN031008', 'CHN031', '上海', '闸北'),
	('CHN031009', 'CHN031', '上海', '虹口'),
	('CHN031011', 'CHN031', '上海', '杨浦'),
	('CHN031012', 'CHN031', '上海', '闵行'),
	('CHN031013', 'CHN031', '上海', '宝山'),
	('CHN031014', 'CHN031', '上海', '嘉定'),
	('CHN031015', 'CHN031', '上海', '浦东新区'),
	('CHN031016', 'CHN031', '上海', '金山'),
	('CHN031017', 'CHN031', '上海', '松江'),
	('CHN031026', 'CHN031', '上海', '奉贤'),
	('CHN031029', 'CHN031', '上海', '青浦'),
	('CHN031030', 'CHN031', '上海', '崇明'),
	('CHN032001', 'CHN032', '江苏', '南京'),
	('CHN032002', 'CHN032', '江苏', '无锡'),
	('CHN032003', 'CHN032', '江苏', '徐州'),
	('CHN032004', 'CHN032', '江苏', '常州'),
	('CHN032005', 'CHN032', '江苏', '苏州'),
	('CHN032006', 'CHN032', '江苏', '南通'),
	('CHN032007', 'CHN032', '江苏', '连云港'),
	('CHN032008', 'CHN032', '江苏', '淮安'),
	('CHN032009', 'CHN032', '江苏', '盐城'),
	('CHN032010', 'CHN032', '江苏', '扬州'),
	('CHN032011', 'CHN032', '江苏', '镇江'),
	('CHN032012', 'CHN032', '江苏', '泰州'),
	('CHN032013', 'CHN032', '江苏', '宿迁'),
	('CHN033001', 'CHN033', '浙江', '杭州'),
	('CHN033002', 'CHN033', '浙江', '宁波'),
	('CHN033003', 'CHN033', '浙江', '温州'),
	('CHN033004', 'CHN033', '浙江', '嘉兴'),
	('CHN033005', 'CHN033', '浙江', '湖州'),
	('CHN033006', 'CHN033', '浙江', '绍兴'),
	('CHN033007', 'CHN033', '浙江', '金华'),
	('CHN033008', 'CHN033', '浙江', '衢州'),
	('CHN033009', 'CHN033', '浙江', '舟山'),
	('CHN033010', 'CHN033', '浙江', '台州'),
	('CHN033011', 'CHN033', '浙江', '丽水'),
	('CHN034001', 'CHN034', '安徽', '合肥'),
	('CHN034002', 'CHN034', '安徽', '芜湖'),
	('CHN034003', 'CHN034', '安徽', '蚌埠'),
	('CHN034004', 'CHN034', '安徽', '淮南'),
	('CHN034005', 'CHN034', '安徽', '马鞍山'),
	('CHN034006', 'CHN034', '安徽', '淮北'),
	('CHN034007', 'CHN034', '安徽', '铜陵'),
	('CHN034008', 'CHN034', '安徽', '安庆'),
	('CHN034010', 'CHN034', '安徽', '黄山'),
	('CHN034011', 'CHN034', '安徽', '滁州'),
	('CHN034012', 'CHN034', '安徽', '阜阳'),
	('CHN034013', 'CHN034', '安徽', '宿州'),
	('CHN034015', 'CHN034', '安徽', '六安'),
	('CHN034016', 'CHN034', '安徽', '亳州'),
	('CHN034017', 'CHN034', '安徽', '池州'),
	('CHN034018', 'CHN034', '安徽', '宣城'),
	('CHN035001', 'CHN035', '福建', '福州'),
	('CHN035002', 'CHN035', '福建', '厦门'),
	('CHN035003', 'CHN035', '福建', '莆田'),
	('CHN035004', 'CHN035', '福建', '三明'),
	('CHN035005', 'CHN035', '福建', '泉州'),
	('CHN035006', 'CHN035', '福建', '漳州'),
	('CHN035007', 'CHN035', '福建', '南平'),
	('CHN035008', 'CHN035', '福建', '龙岩'),
	('CHN035009', 'CHN035', '福建', '宁德'),
	('CHN036001', 'CHN036', '江西', '南昌'),
	('CHN036002', 'CHN036', '江西', '景德镇'),
	('CHN036003', 'CHN036', '江西', '萍乡'),
	('CHN036004', 'CHN036', '江西', '九江'),
	('CHN036005', 'CHN036', '江西', '新余'),
	('CHN036006', 'CHN036', '江西', '鹰潭'),
	('CHN036007', 'CHN036', '江西', '赣州'),
	('CHN036008', 'CHN036', '江西', '吉安'),
	('CHN036009', 'CHN036', '江西', '宜春'),
	('CHN036010', 'CHN036', '江西', '抚州'),
	('CHN036011', 'CHN036', '江西', '上饶'),
	('CHN037001', 'CHN037', '山东', '济南'),
	('CHN037002', 'CHN037', '山东', '青岛'),
	('CHN037003', 'CHN037', '山东', '淄博'),
	('CHN037004', 'CHN037', '山东', '枣庄'),
	('CHN037005', 'CHN037', '山东', '东营'),
	('CHN037006', 'CHN037', '山东', '烟台'),
	('CHN037007', 'CHN037', '山东', '潍坊'),
	('CHN037008', 'CHN037', '山东', '济宁'),
	('CHN037009', 'CHN037', '山东', '泰安'),
	('CHN037010', 'CHN037', '山东', '威海'),
	('CHN037011', 'CHN037', '山东', '日照'),
	('CHN037012', 'CHN037', '山东', '莱芜'),
	('CHN037013', 'CHN037', '山东', '临沂'),
	('CHN037014', 'CHN037', '山东', '德州'),
	('CHN037015', 'CHN037', '山东', '聊城'),
	('CHN037016', 'CHN037', '山东', '滨州'),
	('CHN037017', 'CHN037', '山东', '菏泽'),
	('CHN041001', 'CHN041', '河南', '郑州'),
	('CHN041002', 'CHN041', '河南', '开封'),
	('CHN041003', 'CHN041', '河南', '洛阳'),
	('CHN041004', 'CHN041', '河南', '平顶山'),
	('CHN041005', 'CHN041', '河南', '安阳'),
	('CHN041006', 'CHN041', '河南', '鹤壁'),
	('CHN041007', 'CHN041', '河南', '新乡'),
	('CHN041008', 'CHN041', '河南', '焦作'),
	('CHN041009', 'CHN041', '河南', '濮阳'),
	('CHN041010', 'CHN041', '河南', '许昌'),
	('CHN041011', 'CHN041', '河南', '漯河'),
	('CHN041012', 'CHN041', '河南', '三门峡'),
	('CHN041013', 'CHN041', '河南', '南阳'),
	('CHN041014', 'CHN041', '河南', '商丘'),
	('CHN041015', 'CHN041', '河南', '信阳'),
	('CHN041016', 'CHN041', '河南', '周口'),
	('CHN041017', 'CHN041', '河南', '驻马店'),
	('CHN041018', 'CHN041', '河南', '济源'),
	('CHN042001', 'CHN042', '湖北', '武汉'),
	('CHN042002', 'CHN042', '湖北', '黄石'),
	('CHN042003', 'CHN042', '湖北', '十堰'),
	('CHN042005', 'CHN042', '湖北', '宜昌'),
	('CHN042006', 'CHN042', '湖北', '襄阳'),
	('CHN042007', 'CHN042', '湖北', '鄂州'),
	('CHN042008', 'CHN042', '湖北', '荆门'),
	('CHN042009', 'CHN042', '湖北', '孝感'),
	('CHN042010', 'CHN042', '湖北', '荆州'),
	('CHN042011', 'CHN042', '湖北', '黄冈'),
	('CHN042012', 'CHN042', '湖北', '咸宁'),
	('CHN042013', 'CHN042', '湖北', '随州'),
	('CHN042028', 'CHN042', '湖北', '恩施'),
	('CHN042094', 'CHN042', '湖北', '仙桃'),
	('CHN042095', 'CHN042', '湖北', '潜江'),
	('CHN042096', 'CHN042', '湖北', '天门'),
	('CHN042A21', 'CHN042', '湖北', '神农架'),
	('CHN043001', 'CHN043', '湖南', '长沙'),
	('CHN043002', 'CHN043', '湖南', '株洲'),
	('CHN043003', 'CHN043', '湖南', '湘潭'),
	('CHN043004', 'CHN043', '湖南', '衡阳'),
	('CHN043005', 'CHN043', '湖南', '邵阳'),
	('CHN043006', 'CHN043', '湖南', '岳阳'),
	('CHN043007', 'CHN043', '湖南', '常德'),
	('CHN043008', 'CHN043', '湖南', '张家界'),
	('CHN043009', 'CHN043', '湖南', '益阳'),
	('CHN043010', 'CHN043', '湖南', '郴州'),
	('CHN043011', 'CHN043', '湖南', '永州'),
	('CHN043012', 'CHN043', '湖南', '怀化'),
	('CHN043013', 'CHN043', '湖南', '娄底'),
	('CHN043031', 'CHN043', '湖南', '湘西'),
	('CHN044001', 'CHN044', '广东', '广州'),
	('CHN044002', 'CHN044', '广东', '韶关'),
	('CHN044003', 'CHN044', '广东', '深圳'),
	('CHN044004', 'CHN044', '广东', '珠海'),
	('CHN044005', 'CHN044', '广东', '汕头'),
	('CHN044006', 'CHN044', '广东', '佛山'),
	('CHN044007', 'CHN044', '广东', '江门'),
	('CHN044008', 'CHN044', '广东', '湛江'),
	('CHN044009', 'CHN044', '广东', '茂名'),
	('CHN044012', 'CHN044', '广东', '肇庆'),
	('CHN044013', 'CHN044', '广东', '惠州'),
	('CHN044014', 'CHN044', '广东', '梅州'),
	('CHN044015', 'CHN044', '广东', '汕尾'),
	('CHN044016', 'CHN044', '广东', '河源'),
	('CHN044017', 'CHN044', '广东', '阳江'),
	('CHN044018', 'CHN044', '广东', '清远'),
	('CHN044019', 'CHN044', '广东', '东莞'),
	('CHN044020', 'CHN044', '广东', '中山'),
	('CHN044051', 'CHN044', '广东', '潮州'),
	('CHN044052', 'CHN044', '广东', '揭阳'),
	('CHN044053', 'CHN044', '广东', '云浮'),
	('CHN045001', 'CHN045', '广西', '南宁'),
	('CHN045002', 'CHN045', '广西', '柳州'),
	('CHN045003', 'CHN045', '广西', '桂林'),
	('CHN045004', 'CHN045', '广西', '梧州'),
	('CHN045005', 'CHN045', '广西', '北海'),
	('CHN045006', 'CHN045', '广西', '防城港'),
	('CHN045007', 'CHN045', '广西', '钦州'),
	('CHN045008', 'CHN045', '广西', '贵港'),
	('CHN045009', 'CHN045', '广西', '玉林'),
	('CHN045010', 'CHN045', '广西', '百色'),
	('CHN045011', 'CHN045', '广西', '贺州'),
	('CHN045012', 'CHN045', '广西', '河池'),
	('CHN045013', 'CHN045', '广西', '来宾'),
	('CHN045014', 'CHN045', '广西', '崇左'),
	('CHN046001', 'CHN046', '海南', '海口'),
	('CHN046002', 'CHN046', '海南', '三亚'),
	('CHN046003', 'CHN046', '海南', '三沙'),
	('CHN046091', 'CHN046', '海南', '五指山'),
	('CHN046092', 'CHN046', '海南', '琼海'),
	('CHN046093', 'CHN046', '海南', '儋州'),
	('CHN046095', 'CHN046', '海南', '文昌'),
	('CHN046096', 'CHN046', '海南', '万宁'),
	('CHN046097', 'CHN046', '海南', '东方'),
	('CHN046A25', 'CHN046', '海南', '定安'),
	('CHN046A26', 'CHN046', '海南', '屯昌'),
	('CHN046A27', 'CHN046', '海南', '澄迈'),
	('CHN046A28', 'CHN046', '海南', '临高'),
	('CHN046A30', 'CHN046', '海南', '白沙'),
	('CHN046A31', 'CHN046', '海南', '昌江'),
	('CHN046A33', 'CHN046', '海南', '乐东'),
	('CHN046A34', 'CHN046', '海南', '陵水'),
	('CHN046A35', 'CHN046', '海南', '保亭'),
	('CHN046A36', 'CHN046', '海南', '琼中'),
	('CHN050001', 'CHN050', '重庆', '万州'),
	('CHN050002', 'CHN050', '重庆', '涪陵'),
	('CHN050003', 'CHN050', '重庆', '渝中'),
	('CHN050004', 'CHN050', '重庆', '大渡口'),
	('CHN050005', 'CHN050', '重庆', '江北'),
	('CHN050006', 'CHN050', '重庆', '沙坪坝'),
	('CHN050007', 'CHN050', '重庆', '九龙坡'),
	('CHN050008', 'CHN050', '重庆', '南岸'),
	('CHN050009', 'CHN050', '重庆', '北碚'),
	('CHN050010', 'CHN050', '重庆', '万盛'),
	('CHN050011', 'CHN050', '重庆', '双桥'),
	('CHN050012', 'CHN050', '重庆', '渝北'),
	('CHN050013', 'CHN050', '重庆', '巴南'),
	('CHN050021', 'CHN050', '重庆', '长寿'),
	('CHN050022', 'CHN050', '重庆', '綦江'),
	('CHN050023', 'CHN050', '重庆', '潼南'),
	('CHN050024', 'CHN050', '重庆', '铜梁'),
	('CHN050025', 'CHN050', '重庆', '大足'),
	('CHN050026', 'CHN050', '重庆', '荣昌'),
	('CHN050027', 'CHN050', '重庆', '璧山'),
	('CHN050028', 'CHN050', '重庆', '梁平'),
	('CHN050029', 'CHN050', '重庆', '城口'),
	('CHN050030', 'CHN050', '重庆', '丰都'),
	('CHN050031', 'CHN050', '重庆', '垫江'),
	('CHN050032', 'CHN050', '重庆', '武隆'),
	('CHN050033', 'CHN050', '重庆', '忠县'),
	('CHN050034', 'CHN050', '重庆', '开县'),
	('CHN050035', 'CHN050', '重庆', '云阳'),
	('CHN050036', 'CHN050', '重庆', '奉节'),
	('CHN050037', 'CHN050', '重庆', '巫山'),
	('CHN050038', 'CHN050', '重庆', '巫溪'),
	('CHN050039', 'CHN050', '重庆', '黔江'),
	('CHN050040', 'CHN050', '重庆', '石柱'),
	('CHN050041', 'CHN050', '重庆', '秀山'),
	('CHN050042', 'CHN050', '重庆', '酉阳'),
	('CHN050043', 'CHN050', '重庆', '彭水'),
	('CHN050081', 'CHN050', '重庆', '江津'),
	('CHN050082', 'CHN050', '重庆', '合川'),
	('CHN050083', 'CHN050', '重庆', '永川'),
	('CHN050084', 'CHN050', '重庆', '南川'),
	('CHN050085', 'CHN050', '重庆', '两江新区'),
	('CHN051001', 'CHN051', '四川', '成都'),
	('CHN051003', 'CHN051', '四川', '自贡'),
	('CHN051004', 'CHN051', '四川', '攀枝花'),
	('CHN051005', 'CHN051', '四川', '泸州'),
	('CHN051006', 'CHN051', '四川', '德阳'),
	('CHN051007', 'CHN051', '四川', '绵阳'),
	('CHN051008', 'CHN051', '四川', '广元'),
	('CHN051009', 'CHN051', '四川', '遂宁'),
	('CHN051010', 'CHN051', '四川', '内江'),
	('CHN051011', 'CHN051', '四川', '乐山'),
	('CHN051013', 'CHN051', '四川', '南充'),
	('CHN051014', 'CHN051', '四川', '眉山'),
	('CHN051015', 'CHN051', '四川', '宜宾'),
	('CHN051016', 'CHN051', '四川', '广安'),
	('CHN051017', 'CHN051', '四川', '达州'),
	('CHN051018', 'CHN051', '四川', '雅安'),
	('CHN051019', 'CHN051', '四川', '巴中'),
	('CHN051020', 'CHN051', '四川', '资阳'),
	('CHN051032', 'CHN051', '四川', '阿坝'),
	('CHN051033', 'CHN051', '四川', '甘孜'),
	('CHN051034', 'CHN051', '四川', '凉山'),
	('CHN052001', 'CHN052', '贵州', '贵阳'),
	('CHN052002', 'CHN052', '贵州', '六盘水'),
	('CHN052003', 'CHN052', '贵州', '遵义'),
	('CHN052004', 'CHN052', '贵州', '安顺'),
	('CHN052022', 'CHN052', '贵州', '铜仁'),
	('CHN052023', 'CHN052', '贵州', '黔西南'),
	('CHN052024', 'CHN052', '贵州', '毕节'),
	('CHN052026', 'CHN052', '贵州', '黔东南'),
	('CHN052027', 'CHN052', '贵州', '黔南'),
	('CHN053001', 'CHN053', '云南', '昆明'),
	('CHN053003', 'CHN053', '云南', '曲靖'),
	('CHN053004', 'CHN053', '云南', '玉溪'),
	('CHN053005', 'CHN053', '云南', '保山'),
	('CHN053006', 'CHN053', '云南', '昭通'),
	('CHN053007', 'CHN053', '云南', '丽江'),
	('CHN053008', 'CHN053', '云南', '普洱'),
	('CHN053009', 'CHN053', '云南', '临沧'),
	('CHN053023', 'CHN053', '云南', '楚雄'),
	('CHN053025', 'CHN053', '云南', '红河'),
	('CHN053026', 'CHN053', '云南', '文山'),
	('CHN053028', 'CHN053', '云南', '西双版纳'),
	('CHN053029', 'CHN053', '云南', '大理'),
	('CHN053031', 'CHN053', '云南', '德宏'),
	('CHN053033', 'CHN053', '云南', '怒江'),
	('CHN053034', 'CHN053', '云南', '迪庆'),
	('CHN054001', 'CHN054', '西藏', '拉萨'),
	('CHN054021', 'CHN054', '西藏', '昌都'),
	('CHN054022', 'CHN054', '西藏', '山南'),
	('CHN054023', 'CHN054', '西藏', '日喀则'),
	('CHN054024', 'CHN054', '西藏', '那曲'),
	('CHN054025', 'CHN054', '西藏', '阿里'),
	('CHN054026', 'CHN054', '西藏', '林芝'),
	('CHN061001', 'CHN061', '陕西', '西安'),
	('CHN061002', 'CHN061', '陕西', '铜川'),
	('CHN061003', 'CHN061', '陕西', '宝鸡'),
	('CHN061004', 'CHN061', '陕西', '咸阳'),
	('CHN061005', 'CHN061', '陕西', '渭南'),
	('CHN061006', 'CHN061', '陕西', '延安'),
	('CHN061007', 'CHN061', '陕西', '汉中'),
	('CHN061008', 'CHN061', '陕西', '榆林'),
	('CHN061009', 'CHN061', '陕西', '安康'),
	('CHN061010', 'CHN061', '陕西', '商洛'),
	('CHN062001', 'CHN062', '甘肃', '兰州市'),
	('CHN062002', 'CHN062', '甘肃', '嘉峪关'),
	('CHN062003', 'CHN062', '甘肃', '金昌'),
	('CHN062004', 'CHN062', '甘肃', '白银'),
	('CHN062005', 'CHN062', '甘肃', '天水'),
	('CHN062006', 'CHN062', '甘肃', '武威'),
	('CHN062007', 'CHN062', '甘肃', '张掖'),
	('CHN062008', 'CHN062', '甘肃', '平凉'),
	('CHN062009', 'CHN062', '甘肃', '酒泉'),
	('CHN062010', 'CHN062', '甘肃', '庆阳'),
	('CHN062011', 'CHN062', '甘肃', '定西'),
	('CHN062012', 'CHN062', '甘肃', '陇南'),
	('CHN062029', 'CHN062', '甘肃', '临夏'),
	('CHN062030', 'CHN062', '甘肃', '甘南'),
	('CHN063001', 'CHN063', '青海', '西宁'),
	('CHN063021', 'CHN063', '青海', '海东'),
	('CHN063022', 'CHN063', '青海', '海北'),
	('CHN063023', 'CHN063', '青海', '黄南'),
	('CHN063025', 'CHN063', '青海', '海南'),
	('CHN063026', 'CHN063', '青海', '果洛'),
	('CHN063027', 'CHN063', '青海', '玉树'),
	('CHN063028', 'CHN063', '青海', '海西'),
	('CHN064001', 'CHN064', '宁夏', '银川'),
	('CHN064002', 'CHN064', '宁夏', '石嘴山'),
	('CHN064003', 'CHN064', '宁夏', '吴忠'),
	('CHN064004', 'CHN064', '宁夏', '固原'),
	('CHN064005', 'CHN064', '宁夏', '中卫'),
	('CHN065001', 'CHN065', '新疆', '乌鲁木齐'),
	('CHN065002', 'CHN065', '新疆', '克拉玛依'),
	('CHN065021', 'CHN065', '新疆', '吐鲁番'),
	('CHN065022', 'CHN065', '新疆', '哈密'),
	('CHN065023', 'CHN065', '新疆', '昌吉'),
	('CHN065027', 'CHN065', '新疆', '博尔塔拉'),
	('CHN065028', 'CHN065', '新疆', '巴音郭楞'),
	('CHN065029', 'CHN065', '新疆', '阿克苏'),
	('CHN065030', 'CHN065', '新疆', '克孜勒苏'),
	('CHN065031', 'CHN065', '新疆', '喀什'),
	('CHN065032', 'CHN065', '新疆', '和田'),
	('CHN065040', 'CHN065', '新疆', '伊犁'),
	('CHN065042', 'CHN065', '新疆', '塔城'),
	('CHN065043', 'CHN065', '新疆', '阿勒泰'),
	('CHN065091', 'CHN065', '新疆', '石河子'),
	('CHN065092', 'CHN065', '新疆', '阿拉尔'),
	('CHN065093', 'CHN065', '新疆', '图木舒克'),
	('CHN065094', 'CHN065', '新疆', '五家渠'),
	('CHN065095', 'CHN065', '新疆', '北屯'),
	('CHN071001', 'CHN071', '台湾', '台北市'),
	('CHN071002', 'CHN071', '台湾', '高雄市'),
	('CHN071003', 'CHN071', '台湾', '基隆市'),
	('CHN071004', 'CHN071', '台湾', '台中市'),
	('CHN071005', 'CHN071', '台湾', '台南市'),
	('CHN071006', 'CHN071', '台湾', '新竹市'),
	('CHN071007', 'CHN071', '台湾', '嘉义市'),
	('CHN071008', 'CHN071', '台湾', '台北县'),
	('CHN071009', 'CHN071', '台湾', '宜兰县'),
	('CHN071010', 'CHN071', '台湾', '桃园县'),
	('CHN071011', 'CHN071', '台湾', '新竹县'),
	('CHN071012', 'CHN071', '台湾', '苗栗县'),
	('CHN071013', 'CHN071', '台湾', '台中县'),
	('CHN071014', 'CHN071', '台湾', '彰化县'),
	('CHN071015', 'CHN071', '台湾', '南投县'),
	('CHN071016', 'CHN071', '台湾', '云林县'),
	('CHN071017', 'CHN071', '台湾', '嘉义县'),
	('CHN071018', 'CHN071', '台湾', '台南县'),
	('CHN071019', 'CHN071', '台湾', '高雄县'),
	('CHN071020', 'CHN071', '台湾', '屏东县'),
	('CHN071021', 'CHN071', '台湾', '澎湖县'),
	('CHN071022', 'CHN071', '台湾', '台东县'),
	('CHN071023', 'CHN071', '台湾', '花莲县'),
	('CHN081HCW', 'CHN081', '香港', '中西区'),
	('CHN081HEA', 'CHN081', '香港', '东区'),
	('CHN081HSO', 'CHN081', '香港', '南区'),
	('CHN081HWC', 'CHN081', '香港', '湾仔区'),
	('CHN081KKC', 'CHN081', '香港', '九龙城区'),
	('CHN081KKT', 'CHN081', '香港', '观塘区'),
	('CHN081KSS', 'CHN081', '香港', '深水埗区'),
	('CHN081KWT', 'CHN081', '香港', '黄大仙区'),
	('CHN081KYT', 'CHN081', '香港', '油尖旺区'),
	('CHN081NIS', 'CHN081', '香港', '离岛区'),
	('CHN081NKT', 'CHN081', '香港', '葵青区'),
	('CHN081NNO', 'CHN081', '香港', '北区'),
	('CHN081NSK', 'CHN081', '香港', '西贡区'),
	('CHN081NST', 'CHN081', '香港', '沙田区'),
	('CHN081NTM', 'CHN081', '香港', '屯门区'),
	('CHN081NTP', 'CHN081', '香港', '大埔区'),
	('CHN081NTW', 'CHN081', '香港', '荃湾区'),
	('CHN081NYL', 'CHN081', '香港', '元朗区'),
	('CHN082ANT', 'CHN082', '澳门', '圣安多尼堂区'),
	('CHN082CAT', 'CHN082', '澳门', '大堂区'),
	('CHN082CLN', 'CHN082', '澳门', '路环'),
	('CHN082LAW', 'CHN082', '澳门', '望德堂区'),
	('CHN082LAZ', 'CHN082', '澳门', '风顺堂区'),
	('CHN082OLF', 'CHN082', '澳门', '花地玛堂区'),
	('CHN082TPA', 'CHN082', '澳门', '氹仔');
/*!40000 ALTER TABLE `city` ENABLE KEYS */;


-- 导出  表 db_rblog.region 结构
CREATE TABLE IF NOT EXISTS `region` (
  `code` varchar(12) COLLATE utf8_unicode_ci NOT NULL COMMENT '地区编号',
  `city_code` varchar(9) COLLATE utf8_unicode_ci NOT NULL COMMENT '所属城市编号',
  `state_name` varchar(5) COLLATE utf8_unicode_ci DEFAULT NULL COMMENT '省（州）名称',
  `city_name` varchar(10) COLLATE utf8_unicode_ci DEFAULT NULL COMMENT '城市名称',
  `name` varchar(16) COLLATE utf8_unicode_ci NOT NULL COMMENT '地区名称',
  PRIMARY KEY (`code`),
  KEY `FK_region_city_ code` (`city_code`),
  CONSTRAINT `FK_region_city_ code` FOREIGN KEY (`city_code`) REFERENCES `city` (`code`) ON DELETE CASCADE ON UPDATE CASCADE
) ENGINE=InnoDB DEFAULT CHARSET=utf8 COLLATE=utf8_unicode_ci;

-- 正在导出表  db_rblog.region 的数据：~2,742 rows (大约)
DELETE FROM `region`;
/*!40000 ALTER TABLE `region` DISABLE KEYS */;
INSERT INTO `region` (`code`, `city_code`, `state_name`, `city_name`, `name`) VALUES
	('CHN013001002', 'CHN013001', '河北', '石家庄', '长安区'),
	('CHN013001003', 'CHN013001', '河北', '石家庄', '桥东区'),
	('CHN013001004', 'CHN013001', '河北', '石家庄', '桥西区'),
	('CHN013001005', 'CHN013001', '河北', '石家庄', '新华区'),
	('CHN013001007', 'CHN013001', '河北', '石家庄', '井陉矿区'),
	('CHN013001008', 'CHN013001', '河北', '石家庄', '裕华区'),
	('CHN013001021', 'CHN013001', '河北', '石家庄', '井陉县'),
	('CHN013001023', 'CHN013001', '河北', '石家庄', '正定县'),
	('CHN013001024', 'CHN013001', '河北', '石家庄', '栾城县'),
	('CHN013001025', 'CHN013001', '河北', '石家庄', '行唐县'),
	('CHN013001026', 'CHN013001', '河北', '石家庄', '灵寿县'),
	('CHN013001027', 'CHN013001', '河北', '石家庄', '高邑县'),
	('CHN013001028', 'CHN013001', '河北', '石家庄', '深泽县'),
	('CHN013001029', 'CHN013001', '河北', '石家庄', '赞皇县'),
	('CHN013001030', 'CHN013001', '河北', '石家庄', '无极县'),
	('CHN013001031', 'CHN013001', '河北', '石家庄', '平山县'),
	('CHN013001032', 'CHN013001', '河北', '石家庄', '元氏县'),
	('CHN013001033', 'CHN013001', '河北', '石家庄', '赵县'),
	('CHN013001081', 'CHN013001', '河北', '石家庄', '辛集市'),
	('CHN013001082', 'CHN013001', '河北', '石家庄', '藁城市'),
	('CHN013001083', 'CHN013001', '河北', '石家庄', '晋州市'),
	('CHN013001084', 'CHN013001', '河北', '石家庄', '新乐市'),
	('CHN013001085', 'CHN013001', '河北', '石家庄', '鹿泉市'),
	('CHN013002002', 'CHN013002', '河北', '唐山', '路南区'),
	('CHN013002003', 'CHN013002', '河北', '唐山', '路北区'),
	('CHN013002004', 'CHN013002', '河北', '唐山', '古冶区'),
	('CHN013002005', 'CHN013002', '河北', '唐山', '开平区'),
	('CHN013002007', 'CHN013002', '河北', '唐山', '丰南区'),
	('CHN013002008', 'CHN013002', '河北', '唐山', '丰润区'),
	('CHN013002009', 'CHN013002', '河北', '唐山', '曹妃甸区'),
	('CHN013002023', 'CHN013002', '河北', '唐山', '滦　县'),
	('CHN013002024', 'CHN013002', '河北', '唐山', '滦南县'),
	('CHN013002025', 'CHN013002', '河北', '唐山', '乐亭县'),
	('CHN013002027', 'CHN013002', '河北', '唐山', '迁西县'),
	('CHN013002029', 'CHN013002', '河北', '唐山', '玉田县'),
	('CHN013002081', 'CHN013002', '河北', '唐山', '遵化市'),
	('CHN013002083', 'CHN013002', '河北', '唐山', '迁安市'),
	('CHN013003002', 'CHN013003', '河北', '秦皇岛', '海港区'),
	('CHN013003003', 'CHN013003', '河北', '秦皇岛', '山海关区'),
	('CHN013003004', 'CHN013003', '河北', '秦皇岛', '北戴河区'),
	('CHN013003021', 'CHN013003', '河北', '秦皇岛', '青龙满族自治县'),
	('CHN013003022', 'CHN013003', '河北', '秦皇岛', '昌黎县'),
	('CHN013003023', 'CHN013003', '河北', '秦皇岛', '抚宁县'),
	('CHN013003024', 'CHN013003', '河北', '秦皇岛', '卢龙县'),
	('CHN013004002', 'CHN013004', '河北', '邯郸', '邯山区'),
	('CHN013004003', 'CHN013004', '河北', '邯郸', '丛台区'),
	('CHN013004004', 'CHN013004', '河北', '邯郸', '复兴区'),
	('CHN013004006', 'CHN013004', '河北', '邯郸', '峰峰矿区'),
	('CHN013004021', 'CHN013004', '河北', '邯郸', '邯郸县'),
	('CHN013004023', 'CHN013004', '河北', '邯郸', '临漳县'),
	('CHN013004024', 'CHN013004', '河北', '邯郸', '成安县'),
	('CHN013004025', 'CHN013004', '河北', '邯郸', '大名县'),
	('CHN013004026', 'CHN013004', '河北', '邯郸', '涉　县'),
	('CHN013004027', 'CHN013004', '河北', '邯郸', '磁　县'),
	('CHN013004028', 'CHN013004', '河北', '邯郸', '肥乡县'),
	('CHN013004029', 'CHN013004', '河北', '邯郸', '永年县'),
	('CHN013004030', 'CHN013004', '河北', '邯郸', '邱　县'),
	('CHN013004031', 'CHN013004', '河北', '邯郸', '鸡泽县'),
	('CHN013004032', 'CHN013004', '河北', '邯郸', '广平县'),
	('CHN013004033', 'CHN013004', '河北', '邯郸', '馆陶县'),
	('CHN013004034', 'CHN013004', '河北', '邯郸', '魏　县'),
	('CHN013004035', 'CHN013004', '河北', '邯郸', '曲周县'),
	('CHN013004081', 'CHN013004', '河北', '邯郸', '武安市'),
	('CHN013005002', 'CHN013005', '河北', '邢台', '桥东区'),
	('CHN013005003', 'CHN013005', '河北', '邢台', '桥西区'),
	('CHN013005021', 'CHN013005', '河北', '邢台', '邢台县'),
	('CHN013005022', 'CHN013005', '河北', '邢台', '临城县'),
	('CHN013005023', 'CHN013005', '河北', '邢台', '内丘县'),
	('CHN013005024', 'CHN013005', '河北', '邢台', '柏乡县'),
	('CHN013005025', 'CHN013005', '河北', '邢台', '隆尧县'),
	('CHN013005026', 'CHN013005', '河北', '邢台', '任　县'),
	('CHN013005027', 'CHN013005', '河北', '邢台', '南和县'),
	('CHN013005028', 'CHN013005', '河北', '邢台', '宁晋县'),
	('CHN013005029', 'CHN013005', '河北', '邢台', '巨鹿县'),
	('CHN013005030', 'CHN013005', '河北', '邢台', '新河县'),
	('CHN013005031', 'CHN013005', '河北', '邢台', '广宗县'),
	('CHN013005032', 'CHN013005', '河北', '邢台', '平乡县'),
	('CHN013005033', 'CHN013005', '河北', '邢台', '威　县'),
	('CHN013005034', 'CHN013005', '河北', '邢台', '清河县'),
	('CHN013005035', 'CHN013005', '河北', '邢台', '临西县'),
	('CHN013005081', 'CHN013005', '河北', '邢台', '南宫市'),
	('CHN013005082', 'CHN013005', '河北', '邢台', '沙河市'),
	('CHN013006002', 'CHN013006', '河北', '保定', '新市区'),
	('CHN013006003', 'CHN013006', '河北', '保定', '北市区'),
	('CHN013006004', 'CHN013006', '河北', '保定', '南市区'),
	('CHN013006021', 'CHN013006', '河北', '保定', '满城县'),
	('CHN013006022', 'CHN013006', '河北', '保定', '清苑县'),
	('CHN013006023', 'CHN013006', '河北', '保定', '涞水县'),
	('CHN013006024', 'CHN013006', '河北', '保定', '阜平县'),
	('CHN013006025', 'CHN013006', '河北', '保定', '徐水县'),
	('CHN013006026', 'CHN013006', '河北', '保定', '定兴县'),
	('CHN013006027', 'CHN013006', '河北', '保定', '唐　县'),
	('CHN013006028', 'CHN013006', '河北', '保定', '高阳县'),
	('CHN013006029', 'CHN013006', '河北', '保定', '容城县'),
	('CHN013006030', 'CHN013006', '河北', '保定', '涞源县'),
	('CHN013006031', 'CHN013006', '河北', '保定', '望都县'),
	('CHN013006032', 'CHN013006', '河北', '保定', '安新县'),
	('CHN013006033', 'CHN013006', '河北', '保定', '易　县'),
	('CHN013006034', 'CHN013006', '河北', '保定', '曲阳县'),
	('CHN013006035', 'CHN013006', '河北', '保定', '蠡　县'),
	('CHN013006036', 'CHN013006', '河北', '保定', '顺平县'),
	('CHN013006037', 'CHN013006', '河北', '保定', '博野县'),
	('CHN013006038', 'CHN013006', '河北', '保定', '雄　县'),
	('CHN013006081', 'CHN013006', '河北', '保定', '涿州市'),
	('CHN013006082', 'CHN013006', '河北', '保定', '定州市'),
	('CHN013006083', 'CHN013006', '河北', '保定', '安国市'),
	('CHN013006084', 'CHN013006', '河北', '保定', '高碑店市'),
	('CHN013007002', 'CHN013007', '河北', '张家口', '桥东区'),
	('CHN013007003', 'CHN013007', '河北', '张家口', '桥西区'),
	('CHN013007005', 'CHN013007', '河北', '张家口', '宣化区'),
	('CHN013007006', 'CHN013007', '河北', '张家口', '下花园区'),
	('CHN013007021', 'CHN013007', '河北', '张家口', '宣化县'),
	('CHN013007022', 'CHN013007', '河北', '张家口', '张北县'),
	('CHN013007023', 'CHN013007', '河北', '张家口', '康保县'),
	('CHN013007024', 'CHN013007', '河北', '张家口', '沽源县'),
	('CHN013007025', 'CHN013007', '河北', '张家口', '尚义县'),
	('CHN013007026', 'CHN013007', '河北', '张家口', '蔚　县'),
	('CHN013007027', 'CHN013007', '河北', '张家口', '阳原县'),
	('CHN013007028', 'CHN013007', '河北', '张家口', '怀安县'),
	('CHN013007029', 'CHN013007', '河北', '张家口', '万全县'),
	('CHN013007030', 'CHN013007', '河北', '张家口', '怀来县'),
	('CHN013007031', 'CHN013007', '河北', '张家口', '涿鹿县'),
	('CHN013007032', 'CHN013007', '河北', '张家口', '赤城县'),
	('CHN013007033', 'CHN013007', '河北', '张家口', '崇礼县'),
	('CHN013008002', 'CHN013008', '河北', '承德', '双桥区'),
	('CHN013008003', 'CHN013008', '河北', '承德', '双滦区'),
	('CHN013008004', 'CHN013008', '河北', '承德', '鹰手营子矿区'),
	('CHN013008021', 'CHN013008', '河北', '承德', '承德县'),
	('CHN013008022', 'CHN013008', '河北', '承德', '兴隆县'),
	('CHN013008023', 'CHN013008', '河北', '承德', '平泉县'),
	('CHN013008024', 'CHN013008', '河北', '承德', '滦平县'),
	('CHN013008025', 'CHN013008', '河北', '承德', '隆化县'),
	('CHN013008026', 'CHN013008', '河北', '承德', '丰宁满族自治县'),
	('CHN013008027', 'CHN013008', '河北', '承德', '宽城满族自治县'),
	('CHN013008028', 'CHN013008', '河北', '承德', '围场满族蒙古族自治县'),
	('CHN013009002', 'CHN013009', '河北', '沧州', '新华区'),
	('CHN013009003', 'CHN013009', '河北', '沧州', '运河区'),
	('CHN013009021', 'CHN013009', '河北', '沧州', '沧　县'),
	('CHN013009022', 'CHN013009', '河北', '沧州', '青　县'),
	('CHN013009023', 'CHN013009', '河北', '沧州', '东光县'),
	('CHN013009024', 'CHN013009', '河北', '沧州', '海兴县'),
	('CHN013009025', 'CHN013009', '河北', '沧州', '盐山县'),
	('CHN013009026', 'CHN013009', '河北', '沧州', '肃宁县'),
	('CHN013009027', 'CHN013009', '河北', '沧州', '南皮县'),
	('CHN013009028', 'CHN013009', '河北', '沧州', '吴桥县'),
	('CHN013009029', 'CHN013009', '河北', '沧州', '献　县'),
	('CHN013009030', 'CHN013009', '河北', '沧州', '孟村回族自治县'),
	('CHN013009081', 'CHN013009', '河北', '沧州', '泊头市'),
	('CHN013009082', 'CHN013009', '河北', '沧州', '任丘市'),
	('CHN013009083', 'CHN013009', '河北', '沧州', '黄骅市'),
	('CHN013009084', 'CHN013009', '河北', '沧州', '河间市'),
	('CHN013010002', 'CHN013010', '河北', '廊坊', '安次区'),
	('CHN013010003', 'CHN013010', '河北', '廊坊', '广阳区'),
	('CHN013010022', 'CHN013010', '河北', '廊坊', '固安县'),
	('CHN013010023', 'CHN013010', '河北', '廊坊', '永清县'),
	('CHN013010024', 'CHN013010', '河北', '廊坊', '香河县'),
	('CHN013010025', 'CHN013010', '河北', '廊坊', '大城县'),
	('CHN013010026', 'CHN013010', '河北', '廊坊', '文安县'),
	('CHN013010028', 'CHN013010', '河北', '廊坊', '大厂回族自治县'),
	('CHN013010081', 'CHN013010', '河北', '廊坊', '霸州市'),
	('CHN013010082', 'CHN013010', '河北', '廊坊', '三河市'),
	('CHN013011002', 'CHN013011', '河北', '衡水', '桃城区'),
	('CHN013011021', 'CHN013011', '河北', '衡水', '枣强县'),
	('CHN013011022', 'CHN013011', '河北', '衡水', '武邑县'),
	('CHN013011023', 'CHN013011', '河北', '衡水', '武强县'),
	('CHN013011024', 'CHN013011', '河北', '衡水', '饶阳县'),
	('CHN013011025', 'CHN013011', '河北', '衡水', '安平县'),
	('CHN013011026', 'CHN013011', '河北', '衡水', '故城县'),
	('CHN013011027', 'CHN013011', '河北', '衡水', '景　县'),
	('CHN013011028', 'CHN013011', '河北', '衡水', '阜城县'),
	('CHN013011081', 'CHN013011', '河北', '衡水', '冀州市'),
	('CHN013011082', 'CHN013011', '河北', '衡水', '深州市'),
	('CHN014001005', 'CHN014001', '山西', '太原', '小店区'),
	('CHN014001006', 'CHN014001', '山西', '太原', '迎泽区'),
	('CHN014001007', 'CHN014001', '山西', '太原', '杏花岭区'),
	('CHN014001008', 'CHN014001', '山西', '太原', '尖草坪区'),
	('CHN014001009', 'CHN014001', '山西', '太原', '万柏林区'),
	('CHN014001010', 'CHN014001', '山西', '太原', '晋源区'),
	('CHN014001021', 'CHN014001', '山西', '太原', '清徐县'),
	('CHN014001022', 'CHN014001', '山西', '太原', '阳曲县'),
	('CHN014001023', 'CHN014001', '山西', '太原', '娄烦县'),
	('CHN014001081', 'CHN014001', '山西', '太原', '古交市'),
	('CHN014002002', 'CHN014002', '山西', '大同', '城　区'),
	('CHN014002003', 'CHN014002', '山西', '大同', '矿　区'),
	('CHN014002011', 'CHN014002', '山西', '大同', '南郊区'),
	('CHN014002012', 'CHN014002', '山西', '大同', '新荣区'),
	('CHN014002021', 'CHN014002', '山西', '大同', '阳高县'),
	('CHN014002022', 'CHN014002', '山西', '大同', '天镇县'),
	('CHN014002023', 'CHN014002', '山西', '大同', '广灵县'),
	('CHN014002024', 'CHN014002', '山西', '大同', '灵丘县'),
	('CHN014002025', 'CHN014002', '山西', '大同', '浑源县'),
	('CHN014002026', 'CHN014002', '山西', '大同', '左云县'),
	('CHN014002027', 'CHN014002', '山西', '大同', '大同县'),
	('CHN014003002', 'CHN014003', '山西', '阳泉', '城　区'),
	('CHN014003003', 'CHN014003', '山西', '阳泉', '矿　区'),
	('CHN014003011', 'CHN014003', '山西', '阳泉', '郊　区'),
	('CHN014003021', 'CHN014003', '山西', '阳泉', '平定县'),
	('CHN014003022', 'CHN014003', '山西', '阳泉', '盂　县'),
	('CHN014004002', 'CHN014004', '山西', '长治', '城　区'),
	('CHN014004011', 'CHN014004', '山西', '长治', '郊　区'),
	('CHN014004021', 'CHN014004', '山西', '长治', '长治县'),
	('CHN014004023', 'CHN014004', '山西', '长治', '襄垣县'),
	('CHN014004024', 'CHN014004', '山西', '长治', '屯留县'),
	('CHN014004025', 'CHN014004', '山西', '长治', '平顺县'),
	('CHN014004026', 'CHN014004', '山西', '长治', '黎城县'),
	('CHN014004027', 'CHN014004', '山西', '长治', '壶关县'),
	('CHN014004028', 'CHN014004', '山西', '长治', '长子县'),
	('CHN014004029', 'CHN014004', '山西', '长治', '武乡县'),
	('CHN014004030', 'CHN014004', '山西', '长治', '沁　县'),
	('CHN014004031', 'CHN014004', '山西', '长治', '沁源县'),
	('CHN014004081', 'CHN014004', '山西', '长治', '潞城市'),
	('CHN014005002', 'CHN014005', '山西', '晋城', '城　区'),
	('CHN014005021', 'CHN014005', '山西', '晋城', '沁水县'),
	('CHN014005022', 'CHN014005', '山西', '晋城', '阳城县'),
	('CHN014005024', 'CHN014005', '山西', '晋城', '陵川县'),
	('CHN014005025', 'CHN014005', '山西', '晋城', '泽州县'),
	('CHN014005081', 'CHN014005', '山西', '晋城', '高平市'),
	('CHN014006002', 'CHN014006', '山西', '朔州', '朔城区'),
	('CHN014006003', 'CHN014006', '山西', '朔州', '平鲁区'),
	('CHN014006021', 'CHN014006', '山西', '朔州', '山阴县'),
	('CHN014006022', 'CHN014006', '山西', '朔州', '应　县'),
	('CHN014006023', 'CHN014006', '山西', '朔州', '右玉县'),
	('CHN014006024', 'CHN014006', '山西', '朔州', '怀仁县'),
	('CHN014007002', 'CHN014007', '山西', '晋中', '榆次区'),
	('CHN014007021', 'CHN014007', '山西', '晋中', '榆社县'),
	('CHN014007022', 'CHN014007', '山西', '晋中', '左权县'),
	('CHN014007023', 'CHN014007', '山西', '晋中', '和顺县'),
	('CHN014007024', 'CHN014007', '山西', '晋中', '昔阳县'),
	('CHN014007025', 'CHN014007', '山西', '晋中', '寿阳县'),
	('CHN014007026', 'CHN014007', '山西', '晋中', '太谷县'),
	('CHN014007027', 'CHN014007', '山西', '晋中', '祁　县'),
	('CHN014007028', 'CHN014007', '山西', '晋中', '平遥县'),
	('CHN014007029', 'CHN014007', '山西', '晋中', '灵石县'),
	('CHN014007081', 'CHN014007', '山西', '晋中', '介休市'),
	('CHN014008002', 'CHN014008', '山西', '运城', '盐湖区'),
	('CHN014008021', 'CHN014008', '山西', '运城', '临猗县'),
	('CHN014008022', 'CHN014008', '山西', '运城', '万荣县'),
	('CHN014008023', 'CHN014008', '山西', '运城', '闻喜县'),
	('CHN014008024', 'CHN014008', '山西', '运城', '稷山县'),
	('CHN014008025', 'CHN014008', '山西', '运城', '新绛县'),
	('CHN014008026', 'CHN014008', '山西', '运城', '绛　县'),
	('CHN014008027', 'CHN014008', '山西', '运城', '垣曲县'),
	('CHN014008028', 'CHN014008', '山西', '运城', '夏　县'),
	('CHN014008029', 'CHN014008', '山西', '运城', '平陆县'),
	('CHN014008030', 'CHN014008', '山西', '运城', '芮城县'),
	('CHN014008081', 'CHN014008', '山西', '运城', '永济市'),
	('CHN014008082', 'CHN014008', '山西', '运城', '河津市'),
	('CHN014009002', 'CHN014009', '山西', '忻州', '忻府区'),
	('CHN014009021', 'CHN014009', '山西', '忻州', '定襄县'),
	('CHN014009022', 'CHN014009', '山西', '忻州', '五台县'),
	('CHN014009023', 'CHN014009', '山西', '忻州', '代　县'),
	('CHN014009024', 'CHN014009', '山西', '忻州', '繁峙县'),
	('CHN014009025', 'CHN014009', '山西', '忻州', '宁武县'),
	('CHN014009026', 'CHN014009', '山西', '忻州', '静乐县'),
	('CHN014009027', 'CHN014009', '山西', '忻州', '神池县'),
	('CHN014009028', 'CHN014009', '山西', '忻州', '五寨县'),
	('CHN014009029', 'CHN014009', '山西', '忻州', '岢岚县'),
	('CHN014009030', 'CHN014009', '山西', '忻州', '河曲县'),
	('CHN014009031', 'CHN014009', '山西', '忻州', '保德县'),
	('CHN014009032', 'CHN014009', '山西', '忻州', '偏关县'),
	('CHN014009081', 'CHN014009', '山西', '忻州', '原平市'),
	('CHN014010002', 'CHN014010', '山西', '临汾', '尧都区'),
	('CHN014010021', 'CHN014010', '山西', '临汾', '曲沃县'),
	('CHN014010022', 'CHN014010', '山西', '临汾', '翼城县'),
	('CHN014010023', 'CHN014010', '山西', '临汾', '襄汾县'),
	('CHN014010024', 'CHN014010', '山西', '临汾', '洪洞县'),
	('CHN014010025', 'CHN014010', '山西', '临汾', '古　县'),
	('CHN014010026', 'CHN014010', '山西', '临汾', '安泽县'),
	('CHN014010027', 'CHN014010', '山西', '临汾', '浮山县'),
	('CHN014010028', 'CHN014010', '山西', '临汾', '吉　县'),
	('CHN014010029', 'CHN014010', '山西', '临汾', '乡宁县'),
	('CHN014010030', 'CHN014010', '山西', '临汾', '大宁县'),
	('CHN014010031', 'CHN014010', '山西', '临汾', '隰　县'),
	('CHN014010032', 'CHN014010', '山西', '临汾', '永和县'),
	('CHN014010033', 'CHN014010', '山西', '临汾', '蒲　县'),
	('CHN014010034', 'CHN014010', '山西', '临汾', '汾西县'),
	('CHN014010081', 'CHN014010', '山西', '临汾', '侯马市'),
	('CHN014010082', 'CHN014010', '山西', '临汾', '霍州市'),
	('CHN014011002', 'CHN014011', '山西', '吕梁', '离石区'),
	('CHN014011021', 'CHN014011', '山西', '吕梁', '文水县'),
	('CHN014011022', 'CHN014011', '山西', '吕梁', '交城县'),
	('CHN014011023', 'CHN014011', '山西', '吕梁', '兴　县'),
	('CHN014011024', 'CHN014011', '山西', '吕梁', '临　县'),
	('CHN014011025', 'CHN014011', '山西', '吕梁', '柳林县'),
	('CHN014011026', 'CHN014011', '山西', '吕梁', '石楼县'),
	('CHN014011027', 'CHN014011', '山西', '吕梁', '岚　县'),
	('CHN014011028', 'CHN014011', '山西', '吕梁', '方山县'),
	('CHN014011029', 'CHN014011', '山西', '吕梁', '中阳县'),
	('CHN014011030', 'CHN014011', '山西', '吕梁', '交口县'),
	('CHN014011081', 'CHN014011', '山西', '吕梁', '孝义市'),
	('CHN014011082', 'CHN014011', '山西', '吕梁', '汾阳市'),
	('CHN015001002', 'CHN015001', '内蒙古', '呼和浩特', '新城区'),
	('CHN015001003', 'CHN015001', '内蒙古', '呼和浩特', '回民区'),
	('CHN015001004', 'CHN015001', '内蒙古', '呼和浩特', '玉泉区'),
	('CHN015001005', 'CHN015001', '内蒙古', '呼和浩特', '赛罕区'),
	('CHN015001021', 'CHN015001', '内蒙古', '呼和浩特', '土默特左旗'),
	('CHN015001022', 'CHN015001', '内蒙古', '呼和浩特', '托克托县'),
	('CHN015001023', 'CHN015001', '内蒙古', '呼和浩特', '和林格尔县'),
	('CHN015001024', 'CHN015001', '内蒙古', '呼和浩特', '清水河县'),
	('CHN015001025', 'CHN015001', '内蒙古', '呼和浩特', '武川县'),
	('CHN015002002', 'CHN015002', '内蒙古', '包头', '东河区'),
	('CHN015002003', 'CHN015002', '内蒙古', '包头', '昆都仑区'),
	('CHN015002004', 'CHN015002', '内蒙古', '包头', '青山区'),
	('CHN015002005', 'CHN015002', '内蒙古', '包头', '石拐区'),
	('CHN015002006', 'CHN015002', '内蒙古', '包头', '白云鄂博矿区'),
	('CHN015002007', 'CHN015002', '内蒙古', '包头', '九原区'),
	('CHN015002021', 'CHN015002', '内蒙古', '包头', '土默特右旗'),
	('CHN015002022', 'CHN015002', '内蒙古', '包头', '固阳县'),
	('CHN015002023', 'CHN015002', '内蒙古', '包头', '达尔罕茂明安联合旗'),
	('CHN015003002', 'CHN015003', '内蒙古', '乌海', '海勃湾区'),
	('CHN015003003', 'CHN015003', '内蒙古', '乌海', '海南区'),
	('CHN015003004', 'CHN015003', '内蒙古', '乌海', '乌达区'),
	('CHN015004002', 'CHN015004', '内蒙古', '赤峰', '红山区'),
	('CHN015004003', 'CHN015004', '内蒙古', '赤峰', '元宝山区'),
	('CHN015004004', 'CHN015004', '内蒙古', '赤峰', '松山区'),
	('CHN015004021', 'CHN015004', '内蒙古', '赤峰', '阿鲁科尔沁旗'),
	('CHN015004022', 'CHN015004', '内蒙古', '赤峰', '巴林左旗'),
	('CHN015004023', 'CHN015004', '内蒙古', '赤峰', '巴林右旗'),
	('CHN015004024', 'CHN015004', '内蒙古', '赤峰', '林西县'),
	('CHN015004025', 'CHN015004', '内蒙古', '赤峰', '克什克腾旗'),
	('CHN015004026', 'CHN015004', '内蒙古', '赤峰', '翁牛特旗'),
	('CHN015004028', 'CHN015004', '内蒙古', '赤峰', '喀喇沁旗'),
	('CHN015004029', 'CHN015004', '内蒙古', '赤峰', '宁城县'),
	('CHN015004030', 'CHN015004', '内蒙古', '赤峰', '敖汉旗'),
	('CHN015005002', 'CHN015005', '内蒙古', '通辽', '科尔沁区'),
	('CHN015005021', 'CHN015005', '内蒙古', '通辽', '科尔沁左翼中旗'),
	('CHN015005022', 'CHN015005', '内蒙古', '通辽', '科尔沁左翼后旗'),
	('CHN015005023', 'CHN015005', '内蒙古', '通辽', '开鲁县'),
	('CHN015005024', 'CHN015005', '内蒙古', '通辽', '库伦旗'),
	('CHN015005025', 'CHN015005', '内蒙古', '通辽', '奈曼旗'),
	('CHN015005026', 'CHN015005', '内蒙古', '通辽', '扎鲁特旗'),
	('CHN015005081', 'CHN015005', '内蒙古', '通辽', '霍林郭勒市'),
	('CHN015006002', 'CHN015006', '内蒙古', '鄂尔多斯', '东胜区'),
	('CHN015006021', 'CHN015006', '内蒙古', '鄂尔多斯', '达拉特旗'),
	('CHN015006022', 'CHN015006', '内蒙古', '鄂尔多斯', '准格尔旗'),
	('CHN015006023', 'CHN015006', '内蒙古', '鄂尔多斯', '鄂托克前旗'),
	('CHN015006024', 'CHN015006', '内蒙古', '鄂尔多斯', '鄂托克旗'),
	('CHN015006025', 'CHN015006', '内蒙古', '鄂尔多斯', '杭锦旗'),
	('CHN015006026', 'CHN015006', '内蒙古', '鄂尔多斯', '乌审旗'),
	('CHN015006027', 'CHN015006', '内蒙古', '鄂尔多斯', '伊金霍洛旗'),
	('CHN015007002', 'CHN015007', '内蒙古', '呼伦贝尔', '海拉尔区'),
	('CHN015007021', 'CHN015007', '内蒙古', '呼伦贝尔', '阿荣旗'),
	('CHN015007022', 'CHN015007', '内蒙古', '呼伦贝尔', '莫力达瓦达斡尔族自治旗'),
	('CHN015007023', 'CHN015007', '内蒙古', '呼伦贝尔', '鄂伦春自治旗'),
	('CHN015007024', 'CHN015007', '内蒙古', '呼伦贝尔', '鄂温克族自治旗'),
	('CHN015007025', 'CHN015007', '内蒙古', '呼伦贝尔', '陈巴尔虎旗'),
	('CHN015007026', 'CHN015007', '内蒙古', '呼伦贝尔', '新巴尔虎左旗'),
	('CHN015007027', 'CHN015007', '内蒙古', '呼伦贝尔', '新巴尔虎右旗'),
	('CHN015007081', 'CHN015007', '内蒙古', '呼伦贝尔', '满洲里市'),
	('CHN015007082', 'CHN015007', '内蒙古', '呼伦贝尔', '牙克石市'),
	('CHN015007083', 'CHN015007', '内蒙古', '呼伦贝尔', '扎兰屯市'),
	('CHN015007084', 'CHN015007', '内蒙古', '呼伦贝尔', '额尔古纳市'),
	('CHN015007085', 'CHN015007', '内蒙古', '呼伦贝尔', '根河市'),
	('CHN015008002', 'CHN015008', '内蒙古', '巴彦淖尔', '临河区'),
	('CHN015008021', 'CHN015008', '内蒙古', '巴彦淖尔', '五原县'),
	('CHN015008022', 'CHN015008', '内蒙古', '巴彦淖尔', '磴口县'),
	('CHN015008023', 'CHN015008', '内蒙古', '巴彦淖尔', '乌拉特前旗'),
	('CHN015008024', 'CHN015008', '内蒙古', '巴彦淖尔', '乌拉特中旗'),
	('CHN015008025', 'CHN015008', '内蒙古', '巴彦淖尔', '乌拉特后旗'),
	('CHN015008026', 'CHN015008', '内蒙古', '巴彦淖尔', '杭锦后旗'),
	('CHN015009002', 'CHN015009', '内蒙古', '乌兰察布', '集宁区'),
	('CHN015009021', 'CHN015009', '内蒙古', '乌兰察布', '卓资县'),
	('CHN015009022', 'CHN015009', '内蒙古', '乌兰察布', '化德县'),
	('CHN015009023', 'CHN015009', '内蒙古', '乌兰察布', '商都县'),
	('CHN015009024', 'CHN015009', '内蒙古', '乌兰察布', '兴和县'),
	('CHN015009025', 'CHN015009', '内蒙古', '乌兰察布', '凉城县'),
	('CHN015009026', 'CHN015009', '内蒙古', '乌兰察布', '察哈尔右翼前旗'),
	('CHN015009027', 'CHN015009', '内蒙古', '乌兰察布', '察哈尔右翼中旗'),
	('CHN015009028', 'CHN015009', '内蒙古', '乌兰察布', '察哈尔右翼后旗'),
	('CHN015009029', 'CHN015009', '内蒙古', '乌兰察布', '四子王旗'),
	('CHN015009081', 'CHN015009', '内蒙古', '乌兰察布', '丰镇市'),
	('CHN015022001', 'CHN015022', '内蒙古', '兴安', '乌兰浩特市'),
	('CHN015022002', 'CHN015022', '内蒙古', '兴安', '阿尔山市'),
	('CHN015022021', 'CHN015022', '内蒙古', '兴安', '科尔沁右翼前旗'),
	('CHN015022022', 'CHN015022', '内蒙古', '兴安', '科尔沁右翼中旗'),
	('CHN015022023', 'CHN015022', '内蒙古', '兴安', '扎赉特旗'),
	('CHN015022024', 'CHN015022', '内蒙古', '兴安', '突泉县'),
	('CHN015025001', 'CHN015025', '内蒙古', '锡林郭勒', '二连浩特市'),
	('CHN015025002', 'CHN015025', '内蒙古', '锡林郭勒', '锡林浩特市'),
	('CHN015025022', 'CHN015025', '内蒙古', '锡林郭勒', '阿巴嘎旗'),
	('CHN015025023', 'CHN015025', '内蒙古', '锡林郭勒', '苏尼特左旗'),
	('CHN015025024', 'CHN015025', '内蒙古', '锡林郭勒', '苏尼特右旗'),
	('CHN015025025', 'CHN015025', '内蒙古', '锡林郭勒', '东乌珠穆沁旗'),
	('CHN015025026', 'CHN015025', '内蒙古', '锡林郭勒', '西乌珠穆沁旗'),
	('CHN015025027', 'CHN015025', '内蒙古', '锡林郭勒', '太仆寺旗'),
	('CHN015025028', 'CHN015025', '内蒙古', '锡林郭勒', '镶黄旗'),
	('CHN015025029', 'CHN015025', '内蒙古', '锡林郭勒', '正镶白旗'),
	('CHN015025030', 'CHN015025', '内蒙古', '锡林郭勒', '正蓝旗'),
	('CHN015025031', 'CHN015025', '内蒙古', '锡林郭勒', '多伦县'),
	('CHN015029021', 'CHN015029', '内蒙古', '阿拉善', '阿拉善左旗'),
	('CHN015029022', 'CHN015029', '内蒙古', '阿拉善', '阿拉善右旗'),
	('CHN015029023', 'CHN015029', '内蒙古', '阿拉善', '额济纳旗'),
	('CHN021001002', 'CHN021001', '辽宁', '沈阳', '和平区'),
	('CHN021001003', 'CHN021001', '辽宁', '沈阳', '沈河区'),
	('CHN021001004', 'CHN021001', '辽宁', '沈阳', '大东区'),
	('CHN021001005', 'CHN021001', '辽宁', '沈阳', '皇姑区'),
	('CHN021001006', 'CHN021001', '辽宁', '沈阳', '铁西区'),
	('CHN021001011', 'CHN021001', '辽宁', '沈阳', '苏家屯区'),
	('CHN021001012', 'CHN021001', '辽宁', '沈阳', '东陵区'),
	('CHN021001013', 'CHN021001', '辽宁', '沈阳', '沈北新区'),
	('CHN021001014', 'CHN021001', '辽宁', '沈阳', '于洪区'),
	('CHN021001022', 'CHN021001', '辽宁', '沈阳', '辽中县'),
	('CHN021001023', 'CHN021001', '辽宁', '沈阳', '康平县'),
	('CHN021001024', 'CHN021001', '辽宁', '沈阳', '法库县'),
	('CHN021001081', 'CHN021001', '辽宁', '沈阳', '新民市'),
	('CHN021002002', 'CHN021002', '辽宁', '大连', '中山区'),
	('CHN021002003', 'CHN021002', '辽宁', '大连', '西岗区'),
	('CHN021002004', 'CHN021002', '辽宁', '大连', '沙河口区'),
	('CHN021002011', 'CHN021002', '辽宁', '大连', '甘井子区'),
	('CHN021002012', 'CHN021002', '辽宁', '大连', '旅顺口区'),
	('CHN021002013', 'CHN021002', '辽宁', '大连', '金州区'),
	('CHN021002024', 'CHN021002', '辽宁', '大连', '长海县'),
	('CHN021002081', 'CHN021002', '辽宁', '大连', '瓦房店市'),
	('CHN021002082', 'CHN021002', '辽宁', '大连', '普兰店市'),
	('CHN021002083', 'CHN021002', '辽宁', '大连', '庄河市'),
	('CHN021003002', 'CHN021003', '辽宁', '鞍山', '铁东区'),
	('CHN021003003', 'CHN021003', '辽宁', '鞍山', '铁西区'),
	('CHN021003004', 'CHN021003', '辽宁', '鞍山', '立山区'),
	('CHN021003011', 'CHN021003', '辽宁', '鞍山', '千山区'),
	('CHN021003021', 'CHN021003', '辽宁', '鞍山', '台安县'),
	('CHN021003023', 'CHN021003', '辽宁', '鞍山', '岫岩满族自治县'),
	('CHN021003081', 'CHN021003', '辽宁', '鞍山', '海城市'),
	('CHN021004002', 'CHN021004', '辽宁', '抚顺', '新抚区'),
	('CHN021004003', 'CHN021004', '辽宁', '抚顺', '东洲区'),
	('CHN021004004', 'CHN021004', '辽宁', '抚顺', '望花区'),
	('CHN021004011', 'CHN021004', '辽宁', '抚顺', '顺城区'),
	('CHN021004021', 'CHN021004', '辽宁', '抚顺', '抚顺县'),
	('CHN021004022', 'CHN021004', '辽宁', '抚顺', '新宾满族自治县'),
	('CHN021004023', 'CHN021004', '辽宁', '抚顺', '清原满族自治县'),
	('CHN021005002', 'CHN021005', '辽宁', '本溪', '平山区'),
	('CHN021005003', 'CHN021005', '辽宁', '本溪', '溪湖区'),
	('CHN021005004', 'CHN021005', '辽宁', '本溪', '明山区'),
	('CHN021005005', 'CHN021005', '辽宁', '本溪', '南芬区'),
	('CHN021005021', 'CHN021005', '辽宁', '本溪', '本溪满族自治县'),
	('CHN021005022', 'CHN021005', '辽宁', '本溪', '桓仁满族自治县'),
	('CHN021006002', 'CHN021006', '辽宁', '丹东', '元宝区'),
	('CHN021006003', 'CHN021006', '辽宁', '丹东', '振兴区'),
	('CHN021006004', 'CHN021006', '辽宁', '丹东', '振安区'),
	('CHN021006024', 'CHN021006', '辽宁', '丹东', '宽甸满族自治县'),
	('CHN021006081', 'CHN021006', '辽宁', '丹东', '东港市'),
	('CHN021006082', 'CHN021006', '辽宁', '丹东', '凤城市'),
	('CHN021007002', 'CHN021007', '辽宁', '锦州', '古塔区'),
	('CHN021007003', 'CHN021007', '辽宁', '锦州', '凌河区'),
	('CHN021007011', 'CHN021007', '辽宁', '锦州', '太和区'),
	('CHN021007026', 'CHN021007', '辽宁', '锦州', '黑山县'),
	('CHN021007027', 'CHN021007', '辽宁', '锦州', '义　县'),
	('CHN021007081', 'CHN021007', '辽宁', '锦州', '凌海市'),
	('CHN021007082', 'CHN021007', '辽宁', '锦州', '北镇市'),
	('CHN021008002', 'CHN021008', '辽宁', '营口', '站前区'),
	('CHN021008003', 'CHN021008', '辽宁', '营口', '西市区'),
	('CHN021008004', 'CHN021008', '辽宁', '营口', '鲅鱼圈区'),
	('CHN021008011', 'CHN021008', '辽宁', '营口', '老边区'),
	('CHN021008081', 'CHN021008', '辽宁', '营口', '盖州市'),
	('CHN021008082', 'CHN021008', '辽宁', '营口', '大石桥市'),
	('CHN021009002', 'CHN021009', '辽宁', '阜新', '海州区'),
	('CHN021009003', 'CHN021009', '辽宁', '阜新', '新邱区'),
	('CHN021009004', 'CHN021009', '辽宁', '阜新', '太平区'),
	('CHN021009005', 'CHN021009', '辽宁', '阜新', '清河门区'),
	('CHN021009011', 'CHN021009', '辽宁', '阜新', '细河区'),
	('CHN021009021', 'CHN021009', '辽宁', '阜新', '阜新蒙古族自治县'),
	('CHN021009022', 'CHN021009', '辽宁', '阜新', '彰武县'),
	('CHN021010002', 'CHN021010', '辽宁', '辽阳', '白塔区'),
	('CHN021010003', 'CHN021010', '辽宁', '辽阳', '文圣区'),
	('CHN021010004', 'CHN021010', '辽宁', '辽阳', '宏伟区'),
	('CHN021010005', 'CHN021010', '辽宁', '辽阳', '弓长岭区'),
	('CHN021010011', 'CHN021010', '辽宁', '辽阳', '太子河区'),
	('CHN021010021', 'CHN021010', '辽宁', '辽阳', '辽阳县'),
	('CHN021010081', 'CHN021010', '辽宁', '辽阳', '灯塔市'),
	('CHN021011002', 'CHN021011', '辽宁', '盘锦', '双台子区'),
	('CHN021011003', 'CHN021011', '辽宁', '盘锦', '兴隆台区'),
	('CHN021011021', 'CHN021011', '辽宁', '盘锦', '大洼县'),
	('CHN021011022', 'CHN021011', '辽宁', '盘锦', '盘山县'),
	('CHN021012002', 'CHN021012', '辽宁', '铁岭', '银州区'),
	('CHN021012004', 'CHN021012', '辽宁', '铁岭', '清河区'),
	('CHN021012021', 'CHN021012', '辽宁', '铁岭', '铁岭县'),
	('CHN021012023', 'CHN021012', '辽宁', '铁岭', '西丰县'),
	('CHN021012024', 'CHN021012', '辽宁', '铁岭', '昌图县'),
	('CHN021012081', 'CHN021012', '辽宁', '铁岭', '调兵山市'),
	('CHN021012082', 'CHN021012', '辽宁', '铁岭', '开原市'),
	('CHN021013002', 'CHN021013', '辽宁', '朝阳', '双塔区'),
	('CHN021013003', 'CHN021013', '辽宁', '朝阳', '龙城区'),
	('CHN021013021', 'CHN021013', '辽宁', '朝阳', '朝阳县'),
	('CHN021013022', 'CHN021013', '辽宁', '朝阳', '建平县'),
	('CHN021013024', 'CHN021013', '辽宁', '朝阳', '喀喇沁左翼蒙古族自治县'),
	('CHN021013081', 'CHN021013', '辽宁', '朝阳', '北票市'),
	('CHN021013082', 'CHN021013', '辽宁', '朝阳', '凌源市'),
	('CHN021014002', 'CHN021014', '辽宁', '葫芦岛', '连山区'),
	('CHN021014003', 'CHN021014', '辽宁', '葫芦岛', '龙港区'),
	('CHN021014004', 'CHN021014', '辽宁', '葫芦岛', '南票区'),
	('CHN021014021', 'CHN021014', '辽宁', '葫芦岛', '绥中县'),
	('CHN021014022', 'CHN021014', '辽宁', '葫芦岛', '建昌县'),
	('CHN021014081', 'CHN021014', '辽宁', '葫芦岛', '兴城市'),
	('CHN022001002', 'CHN022001', '吉林', '长春', '南关区'),
	('CHN022001003', 'CHN022001', '吉林', '长春', '宽城区'),
	('CHN022001004', 'CHN022001', '吉林', '长春', '朝阳区'),
	('CHN022001005', 'CHN022001', '吉林', '长春', '二道区'),
	('CHN022001006', 'CHN022001', '吉林', '长春', '绿园区'),
	('CHN022001012', 'CHN022001', '吉林', '长春', '双阳区'),
	('CHN022001022', 'CHN022001', '吉林', '长春', '农安县'),
	('CHN022001081', 'CHN022001', '吉林', '长春', '九台市'),
	('CHN022001082', 'CHN022001', '吉林', '长春', '榆树市'),
	('CHN022001083', 'CHN022001', '吉林', '长春', '德惠市'),
	('CHN022002002', 'CHN022002', '吉林', '吉林', '昌邑区'),
	('CHN022002003', 'CHN022002', '吉林', '吉林', '龙潭区'),
	('CHN022002004', 'CHN022002', '吉林', '吉林', '船营区'),
	('CHN022002011', 'CHN022002', '吉林', '吉林', '丰满区'),
	('CHN022002021', 'CHN022002', '吉林', '吉林', '永吉县'),
	('CHN022002081', 'CHN022002', '吉林', '吉林', '蛟河市'),
	('CHN022002082', 'CHN022002', '吉林', '吉林', '桦甸市'),
	('CHN022002083', 'CHN022002', '吉林', '吉林', '舒兰市'),
	('CHN022002084', 'CHN022002', '吉林', '吉林', '磐石市'),
	('CHN022003002', 'CHN022003', '吉林', '四平', '铁西区'),
	('CHN022003003', 'CHN022003', '吉林', '四平', '铁东区'),
	('CHN022003022', 'CHN022003', '吉林', '四平', '梨树县'),
	('CHN022003023', 'CHN022003', '吉林', '四平', '伊通满族自治县'),
	('CHN022003081', 'CHN022003', '吉林', '四平', '公主岭市'),
	('CHN022003082', 'CHN022003', '吉林', '四平', '双辽市'),
	('CHN022004002', 'CHN022004', '吉林', '辽源', '龙山区'),
	('CHN022004003', 'CHN022004', '吉林', '辽源', '西安区'),
	('CHN022004021', 'CHN022004', '吉林', '辽源', '东丰县'),
	('CHN022004022', 'CHN022004', '吉林', '辽源', '东辽县'),
	('CHN022005002', 'CHN022005', '吉林', '通化', '东昌区'),
	('CHN022005003', 'CHN022005', '吉林', '通化', '二道江区'),
	('CHN022005021', 'CHN022005', '吉林', '通化', '通化县'),
	('CHN022005023', 'CHN022005', '吉林', '通化', '辉南县'),
	('CHN022005024', 'CHN022005', '吉林', '通化', '柳河县'),
	('CHN022005081', 'CHN022005', '吉林', '通化', '梅河口市'),
	('CHN022005082', 'CHN022005', '吉林', '通化', '集安市'),
	('CHN022006002', 'CHN022006', '吉林', '白山', '八道江区'),
	('CHN022006005', 'CHN022006', '吉林', '白山', '江源区'),
	('CHN022006021', 'CHN022006', '吉林', '白山', '抚松县'),
	('CHN022006022', 'CHN022006', '吉林', '白山', '靖宇县'),
	('CHN022006023', 'CHN022006', '吉林', '白山', '长白朝鲜族自治县'),
	('CHN022006081', 'CHN022006', '吉林', '白山', '临江市'),
	('CHN022007002', 'CHN022007', '吉林', '松原', '宁江区'),
	('CHN022007021', 'CHN022007', '吉林', '松原', '前郭尔罗斯蒙古族自治县'),
	('CHN022007022', 'CHN022007', '吉林', '松原', '长岭县'),
	('CHN022007023', 'CHN022007', '吉林', '松原', '乾安县'),
	('CHN022007024', 'CHN022007', '吉林', '松原', '扶余县'),
	('CHN022008002', 'CHN022008', '吉林', '白城', '洮北区'),
	('CHN022008021', 'CHN022008', '吉林', '白城', '镇赉县'),
	('CHN022008022', 'CHN022008', '吉林', '白城', '通榆县'),
	('CHN022008081', 'CHN022008', '吉林', '白城', '洮南市'),
	('CHN022008082', 'CHN022008', '吉林', '白城', '大安市'),
	('CHN022024001', 'CHN022024', '吉林', '延边', '延吉市'),
	('CHN022024002', 'CHN022024', '吉林', '延边', '图们市'),
	('CHN022024003', 'CHN022024', '吉林', '延边', '敦化市'),
	('CHN022024004', 'CHN022024', '吉林', '延边', '珲春市'),
	('CHN022024005', 'CHN022024', '吉林', '延边', '龙井市'),
	('CHN022024006', 'CHN022024', '吉林', '延边', '和龙市'),
	('CHN022024024', 'CHN022024', '吉林', '延边', '汪清县'),
	('CHN022024026', 'CHN022024', '吉林', '延边', '安图县'),
	('CHN023001002', 'CHN023001', '黑龙江', '哈尔滨', '道里区'),
	('CHN023001003', 'CHN023001', '黑龙江', '哈尔滨', '南岗区'),
	('CHN023001004', 'CHN023001', '黑龙江', '哈尔滨', '道外区'),
	('CHN023001008', 'CHN023001', '黑龙江', '哈尔滨', '平房区'),
	('CHN023001009', 'CHN023001', '黑龙江', '哈尔滨', '松北区'),
	('CHN023001010', 'CHN023001', '黑龙江', '哈尔滨', '香坊区'),
	('CHN023001011', 'CHN023001', '黑龙江', '哈尔滨', '呼兰区'),
	('CHN023001012', 'CHN023001', '黑龙江', '哈尔滨', '阿城区'),
	('CHN023001023', 'CHN023001', '黑龙江', '哈尔滨', '依兰县'),
	('CHN023001024', 'CHN023001', '黑龙江', '哈尔滨', '方正县'),
	('CHN023001025', 'CHN023001', '黑龙江', '哈尔滨', '宾　县'),
	('CHN023001026', 'CHN023001', '黑龙江', '哈尔滨', '巴彦县'),
	('CHN023001027', 'CHN023001', '黑龙江', '哈尔滨', '木兰县'),
	('CHN023001028', 'CHN023001', '黑龙江', '哈尔滨', '通河县'),
	('CHN023001029', 'CHN023001', '黑龙江', '哈尔滨', '延寿县'),
	('CHN023001082', 'CHN023001', '黑龙江', '哈尔滨', '双城市'),
	('CHN023001083', 'CHN023001', '黑龙江', '哈尔滨', '尚志市'),
	('CHN023001084', 'CHN023001', '黑龙江', '哈尔滨', '五常市'),
	('CHN023002002', 'CHN023002', '黑龙江', '齐齐哈尔', '龙沙区'),
	('CHN023002003', 'CHN023002', '黑龙江', '齐齐哈尔', '建华区'),
	('CHN023002004', 'CHN023002', '黑龙江', '齐齐哈尔', '铁锋区'),
	('CHN023002005', 'CHN023002', '黑龙江', '齐齐哈尔', '昂昂溪区'),
	('CHN023002006', 'CHN023002', '黑龙江', '齐齐哈尔', '富拉尔基区'),
	('CHN023002007', 'CHN023002', '黑龙江', '齐齐哈尔', '碾子山区'),
	('CHN023002008', 'CHN023002', '黑龙江', '齐齐哈尔', '梅里斯达斡尔族区'),
	('CHN023002021', 'CHN023002', '黑龙江', '齐齐哈尔', '龙江县'),
	('CHN023002023', 'CHN023002', '黑龙江', '齐齐哈尔', '依安县'),
	('CHN023002024', 'CHN023002', '黑龙江', '齐齐哈尔', '泰来县'),
	('CHN023002025', 'CHN023002', '黑龙江', '齐齐哈尔', '甘南县'),
	('CHN023002027', 'CHN023002', '黑龙江', '齐齐哈尔', '富裕县'),
	('CHN023002029', 'CHN023002', '黑龙江', '齐齐哈尔', '克山县'),
	('CHN023002030', 'CHN023002', '黑龙江', '齐齐哈尔', '克东县'),
	('CHN023002031', 'CHN023002', '黑龙江', '齐齐哈尔', '拜泉县'),
	('CHN023002081', 'CHN023002', '黑龙江', '齐齐哈尔', '讷河市'),
	('CHN023003002', 'CHN023003', '黑龙江', '鸡西', '鸡冠区'),
	('CHN023003003', 'CHN023003', '黑龙江', '鸡西', '恒山区'),
	('CHN023003004', 'CHN023003', '黑龙江', '鸡西', '滴道区'),
	('CHN023003005', 'CHN023003', '黑龙江', '鸡西', '梨树区'),
	('CHN023003006', 'CHN023003', '黑龙江', '鸡西', '城子河区'),
	('CHN023003007', 'CHN023003', '黑龙江', '鸡西', '麻山区'),
	('CHN023003021', 'CHN023003', '黑龙江', '鸡西', '鸡东县'),
	('CHN023003081', 'CHN023003', '黑龙江', '鸡西', '虎林市'),
	('CHN023003082', 'CHN023003', '黑龙江', '鸡西', '密山市'),
	('CHN023004002', 'CHN023004', '黑龙江', '鹤岗', '向阳区'),
	('CHN023004003', 'CHN023004', '黑龙江', '鹤岗', '工农区'),
	('CHN023004004', 'CHN023004', '黑龙江', '鹤岗', '南山区'),
	('CHN023004005', 'CHN023004', '黑龙江', '鹤岗', '兴安区'),
	('CHN023004006', 'CHN023004', '黑龙江', '鹤岗', '东山区'),
	('CHN023004007', 'CHN023004', '黑龙江', '鹤岗', '兴山区'),
	('CHN023004021', 'CHN023004', '黑龙江', '鹤岗', '萝北县'),
	('CHN023004022', 'CHN023004', '黑龙江', '鹤岗', '绥滨县'),
	('CHN023005002', 'CHN023005', '黑龙江', '双鸭山', '尖山区'),
	('CHN023005003', 'CHN023005', '黑龙江', '双鸭山', '岭东区'),
	('CHN023005005', 'CHN023005', '黑龙江', '双鸭山', '四方台区'),
	('CHN023005006', 'CHN023005', '黑龙江', '双鸭山', '宝山区'),
	('CHN023005021', 'CHN023005', '黑龙江', '双鸭山', '集贤县'),
	('CHN023005022', 'CHN023005', '黑龙江', '双鸭山', '友谊县'),
	('CHN023005023', 'CHN023005', '黑龙江', '双鸭山', '宝清县'),
	('CHN023005024', 'CHN023005', '黑龙江', '双鸭山', '饶河县'),
	('CHN023006002', 'CHN023006', '黑龙江', '大庆', '萨尔图区'),
	('CHN023006003', 'CHN023006', '黑龙江', '大庆', '龙凤区'),
	('CHN023006004', 'CHN023006', '黑龙江', '大庆', '让胡路区'),
	('CHN023006005', 'CHN023006', '黑龙江', '大庆', '红岗区'),
	('CHN023006006', 'CHN023006', '黑龙江', '大庆', '大同区'),
	('CHN023006021', 'CHN023006', '黑龙江', '大庆', '肇州县'),
	('CHN023006022', 'CHN023006', '黑龙江', '大庆', '肇源县'),
	('CHN023006023', 'CHN023006', '黑龙江', '大庆', '林甸县'),
	('CHN023006024', 'CHN023006', '黑龙江', '大庆', '杜尔伯特蒙古族自治县'),
	('CHN023007002', 'CHN023007', '黑龙江', '伊春', '伊春区'),
	('CHN023007003', 'CHN023007', '黑龙江', '伊春', '南岔区'),
	('CHN023007004', 'CHN023007', '黑龙江', '伊春', '友好区'),
	('CHN023007005', 'CHN023007', '黑龙江', '伊春', '西林区'),
	('CHN023007006', 'CHN023007', '黑龙江', '伊春', '翠峦区'),
	('CHN023007007', 'CHN023007', '黑龙江', '伊春', '新青区'),
	('CHN023007008', 'CHN023007', '黑龙江', '伊春', '美溪区'),
	('CHN023007009', 'CHN023007', '黑龙江', '伊春', '金山屯区'),
	('CHN023007010', 'CHN023007', '黑龙江', '伊春', '五营区'),
	('CHN023007011', 'CHN023007', '黑龙江', '伊春', '乌马河区'),
	('CHN023007012', 'CHN023007', '黑龙江', '伊春', '汤旺河区'),
	('CHN023007013', 'CHN023007', '黑龙江', '伊春', '带岭区'),
	('CHN023007014', 'CHN023007', '黑龙江', '伊春', '乌伊岭区'),
	('CHN023007015', 'CHN023007', '黑龙江', '伊春', '红星区'),
	('CHN023007016', 'CHN023007', '黑龙江', '伊春', '上甘岭区'),
	('CHN023007022', 'CHN023007', '黑龙江', '伊春', '嘉荫县'),
	('CHN023007081', 'CHN023007', '黑龙江', '伊春', '铁力市'),
	('CHN023008003', 'CHN023008', '黑龙江', '佳木斯', '向阳区'),
	('CHN023008004', 'CHN023008', '黑龙江', '佳木斯', '前进区'),
	('CHN023008005', 'CHN023008', '黑龙江', '佳木斯', '东风区'),
	('CHN023008011', 'CHN023008', '黑龙江', '佳木斯', '郊　区'),
	('CHN023008022', 'CHN023008', '黑龙江', '佳木斯', '桦南县'),
	('CHN023008026', 'CHN023008', '黑龙江', '佳木斯', '桦川县'),
	('CHN023008028', 'CHN023008', '黑龙江', '佳木斯', '汤原县'),
	('CHN023008033', 'CHN023008', '黑龙江', '佳木斯', '抚远县'),
	('CHN023008081', 'CHN023008', '黑龙江', '佳木斯', '同江市'),
	('CHN023008082', 'CHN023008', '黑龙江', '佳木斯', '富锦市'),
	('CHN023009002', 'CHN023009', '黑龙江', '七台河', '新兴区'),
	('CHN023009003', 'CHN023009', '黑龙江', '七台河', '桃山区'),
	('CHN023009004', 'CHN023009', '黑龙江', '七台河', '茄子河区'),
	('CHN023009021', 'CHN023009', '黑龙江', '七台河', '勃利县'),
	('CHN023010002', 'CHN023010', '黑龙江', '牡丹江', '东安区'),
	('CHN023010003', 'CHN023010', '黑龙江', '牡丹江', '阳明区'),
	('CHN023010004', 'CHN023010', '黑龙江', '牡丹江', '爱民区'),
	('CHN023010005', 'CHN023010', '黑龙江', '牡丹江', '西安区'),
	('CHN023010024', 'CHN023010', '黑龙江', '牡丹江', '东宁县'),
	('CHN023010025', 'CHN023010', '黑龙江', '牡丹江', '林口县'),
	('CHN023010081', 'CHN023010', '黑龙江', '牡丹江', '绥芬河市'),
	('CHN023010083', 'CHN023010', '黑龙江', '牡丹江', '海林市'),
	('CHN023010084', 'CHN023010', '黑龙江', '牡丹江', '宁安市'),
	('CHN023010085', 'CHN023010', '黑龙江', '牡丹江', '穆棱市'),
	('CHN023011002', 'CHN023011', '黑龙江', '黑河', '爱辉区'),
	('CHN023011021', 'CHN023011', '黑龙江', '黑河', '嫩江县'),
	('CHN023011023', 'CHN023011', '黑龙江', '黑河', '逊克县'),
	('CHN023011024', 'CHN023011', '黑龙江', '黑河', '孙吴县'),
	('CHN023011081', 'CHN023011', '黑龙江', '黑河', '北安市'),
	('CHN023011082', 'CHN023011', '黑龙江', '黑河', '五大连池市'),
	('CHN023012002', 'CHN023012', '黑龙江', '绥化', '北林区'),
	('CHN023012021', 'CHN023012', '黑龙江', '绥化', '望奎县'),
	('CHN023012022', 'CHN023012', '黑龙江', '绥化', '兰西县'),
	('CHN023012023', 'CHN023012', '黑龙江', '绥化', '青冈县'),
	('CHN023012024', 'CHN023012', '黑龙江', '绥化', '庆安县'),
	('CHN023012025', 'CHN023012', '黑龙江', '绥化', '明水县'),
	('CHN023012026', 'CHN023012', '黑龙江', '绥化', '绥棱县'),
	('CHN023012081', 'CHN023012', '黑龙江', '绥化', '安达市'),
	('CHN023012082', 'CHN023012', '黑龙江', '绥化', '肇东市'),
	('CHN023012083', 'CHN023012', '黑龙江', '绥化', '海伦市'),
	('CHN023027021', 'CHN023027', '黑龙江', '大兴安岭', '呼玛县'),
	('CHN023027022', 'CHN023027', '黑龙江', '大兴安岭', '塔河县'),
	('CHN023027023', 'CHN023027', '黑龙江', '大兴安岭', '漠河县'),
	('CHN032001002', 'CHN032001', '江苏', '南京', '玄武区'),
	('CHN032001003', 'CHN032001', '江苏', '南京', '白下区'),
	('CHN032001004', 'CHN032001', '江苏', '南京', '秦淮区'),
	('CHN032001005', 'CHN032001', '江苏', '南京', '建邺区'),
	('CHN032001006', 'CHN032001', '江苏', '南京', '鼓楼区'),
	('CHN032001007', 'CHN032001', '江苏', '南京', '下关区'),
	('CHN032001011', 'CHN032001', '江苏', '南京', '浦口区'),
	('CHN032001013', 'CHN032001', '江苏', '南京', '栖霞区'),
	('CHN032001014', 'CHN032001', '江苏', '南京', '雨花台区'),
	('CHN032001015', 'CHN032001', '江苏', '南京', '江宁区'),
	('CHN032001016', 'CHN032001', '江苏', '南京', '六合区'),
	('CHN032001024', 'CHN032001', '江苏', '南京', '溧水县'),
	('CHN032001025', 'CHN032001', '江苏', '南京', '高淳县'),
	('CHN032002002', 'CHN032002', '江苏', '无锡', '崇安区'),
	('CHN032002003', 'CHN032002', '江苏', '无锡', '南长区'),
	('CHN032002004', 'CHN032002', '江苏', '无锡', '北塘区'),
	('CHN032002005', 'CHN032002', '江苏', '无锡', '锡山区'),
	('CHN032002006', 'CHN032002', '江苏', '无锡', '惠山区'),
	('CHN032002011', 'CHN032002', '江苏', '无锡', '滨湖区'),
	('CHN032002081', 'CHN032002', '江苏', '无锡', '江阴市'),
	('CHN032002082', 'CHN032002', '江苏', '无锡', '宜兴市'),
	('CHN032003002', 'CHN032003', '江苏', '徐州', '鼓楼区'),
	('CHN032003003', 'CHN032003', '江苏', '徐州', '云龙区'),
	('CHN032003004', 'CHN032003', '江苏', '徐州', '九里区'),
	('CHN032003005', 'CHN032003', '江苏', '徐州', '贾汪区'),
	('CHN032003011', 'CHN032003', '江苏', '徐州', '泉山区'),
	('CHN032003021', 'CHN032003', '江苏', '徐州', '丰　县'),
	('CHN032003022', 'CHN032003', '江苏', '徐州', '沛　县'),
	('CHN032003023', 'CHN032003', '江苏', '徐州', '铜山县'),
	('CHN032003024', 'CHN032003', '江苏', '徐州', '睢宁县'),
	('CHN032003081', 'CHN032003', '江苏', '徐州', '新沂市'),
	('CHN032003082', 'CHN032003', '江苏', '徐州', '邳州市'),
	('CHN032004002', 'CHN032004', '江苏', '常州', '天宁区'),
	('CHN032004004', 'CHN032004', '江苏', '常州', '钟楼区'),
	('CHN032004005', 'CHN032004', '江苏', '常州', '戚墅堰区'),
	('CHN032004011', 'CHN032004', '江苏', '常州', '新北区'),
	('CHN032004012', 'CHN032004', '江苏', '常州', '武进区'),
	('CHN032004081', 'CHN032004', '江苏', '常州', '溧阳市'),
	('CHN032004082', 'CHN032004', '江苏', '常州', '金坛市'),
	('CHN032005004', 'CHN032005', '江苏', '苏州', '姑苏区'),
	('CHN032005005', 'CHN032005', '江苏', '苏州', '虎丘区'),
	('CHN032005006', 'CHN032005', '江苏', '苏州', '吴中区'),
	('CHN032005007', 'CHN032005', '江苏', '苏州', '相城区'),
	('CHN032005008', 'CHN032005', '江苏', '苏州', '吴江区'),
	('CHN032005081', 'CHN032005', '江苏', '苏州', '常熟市'),
	('CHN032005082', 'CHN032005', '江苏', '苏州', '张家港市'),
	('CHN032005083', 'CHN032005', '江苏', '苏州', '昆山市'),
	('CHN032005085', 'CHN032005', '江苏', '苏州', '太仓市'),
	('CHN032006002', 'CHN032006', '江苏', '南通', '崇川区'),
	('CHN032006011', 'CHN032006', '江苏', '南通', '港闸区'),
	('CHN032006021', 'CHN032006', '江苏', '南通', '海安县'),
	('CHN032006023', 'CHN032006', '江苏', '南通', '如东县'),
	('CHN032006081', 'CHN032006', '江苏', '南通', '启东市'),
	('CHN032006082', 'CHN032006', '江苏', '南通', '如皋市'),
	('CHN032006083', 'CHN032006', '江苏', '南通', '通州市'),
	('CHN032006084', 'CHN032006', '江苏', '南通', '海门市'),
	('CHN032007003', 'CHN032007', '江苏', '连云港', '连云区'),
	('CHN032007005', 'CHN032007', '江苏', '连云港', '新浦区'),
	('CHN032007006', 'CHN032007', '江苏', '连云港', '海州区'),
	('CHN032007021', 'CHN032007', '江苏', '连云港', '赣榆县'),
	('CHN032007022', 'CHN032007', '江苏', '连云港', '东海县'),
	('CHN032007023', 'CHN032007', '江苏', '连云港', '灌云县'),
	('CHN032007024', 'CHN032007', '江苏', '连云港', '灌南县'),
	('CHN032008002', 'CHN032008', '江苏', '淮安', '清河区'),
	('CHN032008003', 'CHN032008', '江苏', '淮安', '淮安区'),
	('CHN032008004', 'CHN032008', '江苏', '淮安', '淮阴区'),
	('CHN032008011', 'CHN032008', '江苏', '淮安', '清浦区'),
	('CHN032008026', 'CHN032008', '江苏', '淮安', '涟水县'),
	('CHN032008029', 'CHN032008', '江苏', '淮安', '洪泽县'),
	('CHN032008030', 'CHN032008', '江苏', '淮安', '盱眙县'),
	('CHN032008031', 'CHN032008', '江苏', '淮安', '金湖县'),
	('CHN032009002', 'CHN032009', '江苏', '盐城', '亭湖区'),
	('CHN032009003', 'CHN032009', '江苏', '盐城', '盐都区'),
	('CHN032009021', 'CHN032009', '江苏', '盐城', '响水县'),
	('CHN032009022', 'CHN032009', '江苏', '盐城', '滨海县'),
	('CHN032009023', 'CHN032009', '江苏', '盐城', '阜宁县'),
	('CHN032009024', 'CHN032009', '江苏', '盐城', '射阳县'),
	('CHN032009025', 'CHN032009', '江苏', '盐城', '建湖县'),
	('CHN032009081', 'CHN032009', '江苏', '盐城', '东台市'),
	('CHN032009082', 'CHN032009', '江苏', '盐城', '大丰市'),
	('CHN032010002', 'CHN032010', '江苏', '扬州', '广陵区'),
	('CHN032010003', 'CHN032010', '江苏', '扬州', '邗江区'),
	('CHN032010011', 'CHN032010', '江苏', '扬州', '维扬区'),
	('CHN032010023', 'CHN032010', '江苏', '扬州', '宝应县'),
	('CHN032010081', 'CHN032010', '江苏', '扬州', '仪征市'),
	('CHN032010084', 'CHN032010', '江苏', '扬州', '高邮市'),
	('CHN032010088', 'CHN032010', '江苏', '扬州', '江都市'),
	('CHN032011002', 'CHN032011', '江苏', '镇江', '京口区'),
	('CHN032011011', 'CHN032011', '江苏', '镇江', '润州区'),
	('CHN032011012', 'CHN032011', '江苏', '镇江', '丹徒区'),
	('CHN032011081', 'CHN032011', '江苏', '镇江', '丹阳市'),
	('CHN032011082', 'CHN032011', '江苏', '镇江', '扬中市'),
	('CHN032011083', 'CHN032011', '江苏', '镇江', '句容市'),
	('CHN032012002', 'CHN032012', '江苏', '泰州', '海陵区'),
	('CHN032012003', 'CHN032012', '江苏', '泰州', '高港区'),
	('CHN032012081', 'CHN032012', '江苏', '泰州', '兴化市'),
	('CHN032012082', 'CHN032012', '江苏', '泰州', '靖江市'),
	('CHN032012083', 'CHN032012', '江苏', '泰州', '泰兴市'),
	('CHN032012084', 'CHN032012', '江苏', '泰州', '姜堰市'),
	('CHN032013002', 'CHN032013', '江苏', '宿迁', '宿城区'),
	('CHN032013011', 'CHN032013', '江苏', '宿迁', '宿豫区'),
	('CHN032013022', 'CHN032013', '江苏', '宿迁', '沭阳县'),
	('CHN032013023', 'CHN032013', '江苏', '宿迁', '泗阳县'),
	('CHN032013024', 'CHN032013', '江苏', '宿迁', '泗洪县'),
	('CHN033001002', 'CHN033001', '浙江', '杭州', '上城区'),
	('CHN033001003', 'CHN033001', '浙江', '杭州', '下城区'),
	('CHN033001004', 'CHN033001', '浙江', '杭州', '江干区'),
	('CHN033001005', 'CHN033001', '浙江', '杭州', '拱墅区'),
	('CHN033001006', 'CHN033001', '浙江', '杭州', '西湖区'),
	('CHN033001008', 'CHN033001', '浙江', '杭州', '滨江区'),
	('CHN033001009', 'CHN033001', '浙江', '杭州', '萧山区'),
	('CHN033001010', 'CHN033001', '浙江', '杭州', '余杭区'),
	('CHN033001022', 'CHN033001', '浙江', '杭州', '桐庐县'),
	('CHN033001027', 'CHN033001', '浙江', '杭州', '淳安县'),
	('CHN033001082', 'CHN033001', '浙江', '杭州', '建德市'),
	('CHN033001083', 'CHN033001', '浙江', '杭州', '富阳市'),
	('CHN033001085', 'CHN033001', '浙江', '杭州', '临安市'),
	('CHN033002003', 'CHN033002', '浙江', '宁波', '海曙区'),
	('CHN033002004', 'CHN033002', '浙江', '宁波', '江东区'),
	('CHN033002005', 'CHN033002', '浙江', '宁波', '江北区'),
	('CHN033002006', 'CHN033002', '浙江', '宁波', '北仑区'),
	('CHN033002011', 'CHN033002', '浙江', '宁波', '镇海区'),
	('CHN033002012', 'CHN033002', '浙江', '宁波', '鄞州区'),
	('CHN033002025', 'CHN033002', '浙江', '宁波', '象山县'),
	('CHN033002026', 'CHN033002', '浙江', '宁波', '宁海县'),
	('CHN033002081', 'CHN033002', '浙江', '宁波', '余姚市'),
	('CHN033002082', 'CHN033002', '浙江', '宁波', '慈溪市'),
	('CHN033002083', 'CHN033002', '浙江', '宁波', '奉化市'),
	('CHN033003002', 'CHN033003', '浙江', '温州', '鹿城区'),
	('CHN033003003', 'CHN033003', '浙江', '温州', '龙湾区'),
	('CHN033003004', 'CHN033003', '浙江', '温州', '瓯海区'),
	('CHN033003022', 'CHN033003', '浙江', '温州', '洞头县'),
	('CHN033003024', 'CHN033003', '浙江', '温州', '永嘉县'),
	('CHN033003026', 'CHN033003', '浙江', '温州', '平阳县'),
	('CHN033003027', 'CHN033003', '浙江', '温州', '苍南县'),
	('CHN033003028', 'CHN033003', '浙江', '温州', '文成县'),
	('CHN033003029', 'CHN033003', '浙江', '温州', '泰顺县'),
	('CHN033003081', 'CHN033003', '浙江', '温州', '瑞安市'),
	('CHN033003082', 'CHN033003', '浙江', '温州', '乐清市'),
	('CHN033004002', 'CHN033004', '浙江', '嘉兴', '南湖区'),
	('CHN033004011', 'CHN033004', '浙江', '嘉兴', '秀洲区'),
	('CHN033004021', 'CHN033004', '浙江', '嘉兴', '嘉善县'),
	('CHN033004024', 'CHN033004', '浙江', '嘉兴', '海盐县'),
	('CHN033004081', 'CHN033004', '浙江', '嘉兴', '海宁市'),
	('CHN033004082', 'CHN033004', '浙江', '嘉兴', '平湖市'),
	('CHN033004083', 'CHN033004', '浙江', '嘉兴', '桐乡市'),
	('CHN033005002', 'CHN033005', '浙江', '湖州', '吴兴区'),
	('CHN033005003', 'CHN033005', '浙江', '湖州', '南浔区'),
	('CHN033005021', 'CHN033005', '浙江', '湖州', '德清县'),
	('CHN033005022', 'CHN033005', '浙江', '湖州', '长兴县'),
	('CHN033005023', 'CHN033005', '浙江', '湖州', '安吉县'),
	('CHN033006002', 'CHN033006', '浙江', '绍兴', '越城区'),
	('CHN033006021', 'CHN033006', '浙江', '绍兴', '绍兴县'),
	('CHN033006024', 'CHN033006', '浙江', '绍兴', '新昌县'),
	('CHN033006081', 'CHN033006', '浙江', '绍兴', '诸暨市'),
	('CHN033006082', 'CHN033006', '浙江', '绍兴', '上虞市'),
	('CHN033006083', 'CHN033006', '浙江', '绍兴', '嵊州市'),
	('CHN033007002', 'CHN033007', '浙江', '金华', '婺城区'),
	('CHN033007003', 'CHN033007', '浙江', '金华', '金东区'),
	('CHN033007023', 'CHN033007', '浙江', '金华', '武义县'),
	('CHN033007026', 'CHN033007', '浙江', '金华', '浦江县'),
	('CHN033007027', 'CHN033007', '浙江', '金华', '磐安县'),
	('CHN033007081', 'CHN033007', '浙江', '金华', '兰溪市'),
	('CHN033007082', 'CHN033007', '浙江', '金华', '义乌市'),
	('CHN033007083', 'CHN033007', '浙江', '金华', '东阳市'),
	('CHN033007084', 'CHN033007', '浙江', '金华', '永康市'),
	('CHN033008002', 'CHN033008', '浙江', '衢州', '柯城区'),
	('CHN033008003', 'CHN033008', '浙江', '衢州', '衢江区'),
	('CHN033008022', 'CHN033008', '浙江', '衢州', '常山县'),
	('CHN033008024', 'CHN033008', '浙江', '衢州', '开化县'),
	('CHN033008025', 'CHN033008', '浙江', '衢州', '龙游县'),
	('CHN033008081', 'CHN033008', '浙江', '衢州', '江山市'),
	('CHN033009002', 'CHN033009', '浙江', '舟山', '定海区'),
	('CHN033009003', 'CHN033009', '浙江', '舟山', '普陀区'),
	('CHN033009021', 'CHN033009', '浙江', '舟山', '岱山县'),
	('CHN033009022', 'CHN033009', '浙江', '舟山', '嵊泗县'),
	('CHN033010002', 'CHN033010', '浙江', '台州', '椒江区'),
	('CHN033010003', 'CHN033010', '浙江', '台州', '黄岩区'),
	('CHN033010004', 'CHN033010', '浙江', '台州', '路桥区'),
	('CHN033010021', 'CHN033010', '浙江', '台州', '玉环县'),
	('CHN033010022', 'CHN033010', '浙江', '台州', '三门县'),
	('CHN033010023', 'CHN033010', '浙江', '台州', '天台县'),
	('CHN033010024', 'CHN033010', '浙江', '台州', '仙居县'),
	('CHN033010081', 'CHN033010', '浙江', '台州', '温岭市'),
	('CHN033010082', 'CHN033010', '浙江', '台州', '临海市'),
	('CHN033011002', 'CHN033011', '浙江', '丽水', '莲都区'),
	('CHN033011021', 'CHN033011', '浙江', '丽水', '青田县'),
	('CHN033011022', 'CHN033011', '浙江', '丽水', '缙云县'),
	('CHN033011023', 'CHN033011', '浙江', '丽水', '遂昌县'),
	('CHN033011024', 'CHN033011', '浙江', '丽水', '松阳县'),
	('CHN033011025', 'CHN033011', '浙江', '丽水', '云和县'),
	('CHN033011026', 'CHN033011', '浙江', '丽水', '庆元县'),
	('CHN033011027', 'CHN033011', '浙江', '丽水', '景宁畲族自治县'),
	('CHN033011081', 'CHN033011', '浙江', '丽水', '龙泉市'),
	('CHN034001002', 'CHN034001', '安徽', '合肥', '瑶海区'),
	('CHN034001003', 'CHN034001', '安徽', '合肥', '庐阳区'),
	('CHN034001004', 'CHN034001', '安徽', '合肥', '蜀山区'),
	('CHN034001011', 'CHN034001', '安徽', '合肥', '包河区'),
	('CHN034001021', 'CHN034001', '安徽', '合肥', '长丰县'),
	('CHN034001022', 'CHN034001', '安徽', '合肥', '肥东县'),
	('CHN034001023', 'CHN034001', '安徽', '合肥', '肥西县'),
	('CHN034001024', 'CHN034001', '安徽', '合肥', '庐江县'),
	('CHN034001025', 'CHN034001', '安徽', '合肥', '巢湖市'),
	('CHN034002002', 'CHN034002', '安徽', '芜湖', '镜湖区'),
	('CHN034002003', 'CHN034002', '安徽', '芜湖', '弋江区'),
	('CHN034002007', 'CHN034002', '安徽', '芜湖', '鸠江区'),
	('CHN034002008', 'CHN034002', '安徽', '芜湖', '三山区'),
	('CHN034002021', 'CHN034002', '安徽', '芜湖', '芜湖县'),
	('CHN034002022', 'CHN034002', '安徽', '芜湖', '繁昌县'),
	('CHN034002023', 'CHN034002', '安徽', '芜湖', '南陵县'),
	('CHN034002024', 'CHN034002', '安徽', '芜湖', '无为县'),
	('CHN034003002', 'CHN034003', '安徽', '蚌埠', '龙子湖区'),
	('CHN034003003', 'CHN034003', '安徽', '蚌埠', '蚌山区'),
	('CHN034003004', 'CHN034003', '安徽', '蚌埠', '禹会区'),
	('CHN034003011', 'CHN034003', '安徽', '蚌埠', '淮上区'),
	('CHN034003021', 'CHN034003', '安徽', '蚌埠', '怀远县'),
	('CHN034003022', 'CHN034003', '安徽', '蚌埠', '五河县'),
	('CHN034003023', 'CHN034003', '安徽', '蚌埠', '固镇县'),
	('CHN034004002', 'CHN034004', '安徽', '淮南', '大通区'),
	('CHN034004003', 'CHN034004', '安徽', '淮南', '田家庵区'),
	('CHN034004004', 'CHN034004', '安徽', '淮南', '谢家集区'),
	('CHN034004005', 'CHN034004', '安徽', '淮南', '八公山区'),
	('CHN034004006', 'CHN034004', '安徽', '淮南', '潘集区'),
	('CHN034004021', 'CHN034004', '安徽', '淮南', '凤台县'),
	('CHN034005003', 'CHN034005', '安徽', '马鞍山', '花山区'),
	('CHN034005004', 'CHN034005', '安徽', '马鞍山', '雨山区'),
	('CHN034005005', 'CHN034005', '安徽', '马鞍山', '博望区'),
	('CHN034005021', 'CHN034005', '安徽', '马鞍山', '当涂县'),
	('CHN034005022', 'CHN034005', '安徽', '马鞍山', '含山县'),
	('CHN034005023', 'CHN034005', '安徽', '马鞍山', '和县'),
	('CHN034006002', 'CHN034006', '安徽', '淮北', '杜集区'),
	('CHN034006003', 'CHN034006', '安徽', '淮北', '相山区'),
	('CHN034006004', 'CHN034006', '安徽', '淮北', '烈山区'),
	('CHN034006021', 'CHN034006', '安徽', '淮北', '濉溪县'),
	('CHN034007002', 'CHN034007', '安徽', '铜陵', '铜官山区'),
	('CHN034007003', 'CHN034007', '安徽', '铜陵', '狮子山区'),
	('CHN034007011', 'CHN034007', '安徽', '铜陵', '郊　区'),
	('CHN034007021', 'CHN034007', '安徽', '铜陵', '铜陵县'),
	('CHN034008002', 'CHN034008', '安徽', '安庆', '迎江区'),
	('CHN034008003', 'CHN034008', '安徽', '安庆', '大观区'),
	('CHN034008011', 'CHN034008', '安徽', '安庆', '宜秀区'),
	('CHN034008022', 'CHN034008', '安徽', '安庆', '怀宁县'),
	('CHN034008023', 'CHN034008', '安徽', '安庆', '枞阳县'),
	('CHN034008024', 'CHN034008', '安徽', '安庆', '潜山县'),
	('CHN034008025', 'CHN034008', '安徽', '安庆', '太湖县'),
	('CHN034008026', 'CHN034008', '安徽', '安庆', '宿松县'),
	('CHN034008027', 'CHN034008', '安徽', '安庆', '望江县'),
	('CHN034008028', 'CHN034008', '安徽', '安庆', '岳西县'),
	('CHN034008081', 'CHN034008', '安徽', '安庆', '桐城市'),
	('CHN034010002', 'CHN034010', '安徽', '黄山', '屯溪区'),
	('CHN034010003', 'CHN034010', '安徽', '黄山', '黄山区'),
	('CHN034010004', 'CHN034010', '安徽', '黄山', '徽州区'),
	('CHN034010021', 'CHN034010', '安徽', '黄山', '歙　县'),
	('CHN034010022', 'CHN034010', '安徽', '黄山', '休宁县'),
	('CHN034010023', 'CHN034010', '安徽', '黄山', '黟　县'),
	('CHN034010024', 'CHN034010', '安徽', '黄山', '祁门县'),
	('CHN034011002', 'CHN034011', '安徽', '滁州', '琅琊区'),
	('CHN034011003', 'CHN034011', '安徽', '滁州', '南谯区'),
	('CHN034011022', 'CHN034011', '安徽', '滁州', '来安县'),
	('CHN034011024', 'CHN034011', '安徽', '滁州', '全椒县'),
	('CHN034011025', 'CHN034011', '安徽', '滁州', '定远县'),
	('CHN034011026', 'CHN034011', '安徽', '滁州', '凤阳县'),
	('CHN034011081', 'CHN034011', '安徽', '滁州', '天长市'),
	('CHN034011082', 'CHN034011', '安徽', '滁州', '明光市'),
	('CHN034012002', 'CHN034012', '安徽', '阜阳', '颍州区'),
	('CHN034012003', 'CHN034012', '安徽', '阜阳', '颍东区'),
	('CHN034012004', 'CHN034012', '安徽', '阜阳', '颍泉区'),
	('CHN034012021', 'CHN034012', '安徽', '阜阳', '临泉县'),
	('CHN034012022', 'CHN034012', '安徽', '阜阳', '太和县'),
	('CHN034012025', 'CHN034012', '安徽', '阜阳', '阜南县'),
	('CHN034012026', 'CHN034012', '安徽', '阜阳', '颍上县'),
	('CHN034012082', 'CHN034012', '安徽', '阜阳', '界首市'),
	('CHN034013002', 'CHN034013', '安徽', '宿州', '埇桥区'),
	('CHN034013021', 'CHN034013', '安徽', '宿州', '砀山县'),
	('CHN034013022', 'CHN034013', '安徽', '宿州', '萧　县'),
	('CHN034013023', 'CHN034013', '安徽', '宿州', '灵璧县'),
	('CHN034013024', 'CHN034013', '安徽', '宿州', '泗　县'),
	('CHN034015002', 'CHN034015', '安徽', '六安', '金安区'),
	('CHN034015003', 'CHN034015', '安徽', '六安', '裕安区'),
	('CHN034015021', 'CHN034015', '安徽', '六安', '寿　县'),
	('CHN034015022', 'CHN034015', '安徽', '六安', '霍邱县'),
	('CHN034015023', 'CHN034015', '安徽', '六安', '舒城县'),
	('CHN034015024', 'CHN034015', '安徽', '六安', '金寨县'),
	('CHN034015025', 'CHN034015', '安徽', '六安', '霍山县'),
	('CHN034016002', 'CHN034016', '安徽', '亳州', '谯城区'),
	('CHN034016021', 'CHN034016', '安徽', '亳州', '涡阳县'),
	('CHN034016022', 'CHN034016', '安徽', '亳州', '蒙城县'),
	('CHN034016023', 'CHN034016', '安徽', '亳州', '利辛县'),
	('CHN034017002', 'CHN034017', '安徽', '池州', '贵池区'),
	('CHN034017021', 'CHN034017', '安徽', '池州', '东至县'),
	('CHN034017022', 'CHN034017', '安徽', '池州', '石台县'),
	('CHN034017023', 'CHN034017', '安徽', '池州', '青阳县'),
	('CHN034018002', 'CHN034018', '安徽', '宣城', '宣州区'),
	('CHN034018021', 'CHN034018', '安徽', '宣城', '郎溪县'),
	('CHN034018022', 'CHN034018', '安徽', '宣城', '广德县'),
	('CHN034018023', 'CHN034018', '安徽', '宣城', '泾　县'),
	('CHN034018024', 'CHN034018', '安徽', '宣城', '绩溪县'),
	('CHN034018025', 'CHN034018', '安徽', '宣城', '旌德县'),
	('CHN034018081', 'CHN034018', '安徽', '宣城', '宁国市'),
	('CHN035001002', 'CHN035001', '福建', '福州', '鼓楼区'),
	('CHN035001003', 'CHN035001', '福建', '福州', '台江区'),
	('CHN035001004', 'CHN035001', '福建', '福州', '仓山区'),
	('CHN035001005', 'CHN035001', '福建', '福州', '马尾区'),
	('CHN035001011', 'CHN035001', '福建', '福州', '晋安区'),
	('CHN035001021', 'CHN035001', '福建', '福州', '闽侯县'),
	('CHN035001022', 'CHN035001', '福建', '福州', '连江县'),
	('CHN035001023', 'CHN035001', '福建', '福州', '罗源县'),
	('CHN035001024', 'CHN035001', '福建', '福州', '闽清县'),
	('CHN035001025', 'CHN035001', '福建', '福州', '永泰县'),
	('CHN035001028', 'CHN035001', '福建', '福州', '平潭县'),
	('CHN035001081', 'CHN035001', '福建', '福州', '福清市'),
	('CHN035001082', 'CHN035001', '福建', '福州', '长乐市'),
	('CHN035002003', 'CHN035002', '福建', '厦门', '思明区'),
	('CHN035002005', 'CHN035002', '福建', '厦门', '海沧区'),
	('CHN035002006', 'CHN035002', '福建', '厦门', '湖里区'),
	('CHN035002011', 'CHN035002', '福建', '厦门', '集美区'),
	('CHN035002012', 'CHN035002', '福建', '厦门', '同安区'),
	('CHN035002013', 'CHN035002', '福建', '厦门', '翔安区'),
	('CHN035003002', 'CHN035003', '福建', '莆田', '城厢区'),
	('CHN035003003', 'CHN035003', '福建', '莆田', '涵江区'),
	('CHN035003004', 'CHN035003', '福建', '莆田', '荔城区'),
	('CHN035003005', 'CHN035003', '福建', '莆田', '秀屿区'),
	('CHN035003022', 'CHN035003', '福建', '莆田', '仙游县'),
	('CHN035004002', 'CHN035004', '福建', '三明', '梅列区'),
	('CHN035004003', 'CHN035004', '福建', '三明', '三元区'),
	('CHN035004021', 'CHN035004', '福建', '三明', '明溪县'),
	('CHN035004023', 'CHN035004', '福建', '三明', '清流县'),
	('CHN035004024', 'CHN035004', '福建', '三明', '宁化县'),
	('CHN035004025', 'CHN035004', '福建', '三明', '大田县'),
	('CHN035004026', 'CHN035004', '福建', '三明', '尤溪县'),
	('CHN035004027', 'CHN035004', '福建', '三明', '沙　县'),
	('CHN035004028', 'CHN035004', '福建', '三明', '将乐县'),
	('CHN035004029', 'CHN035004', '福建', '三明', '泰宁县'),
	('CHN035004030', 'CHN035004', '福建', '三明', '建宁县'),
	('CHN035004081', 'CHN035004', '福建', '三明', '永安市'),
	('CHN035005002', 'CHN035005', '福建', '泉州', '鲤城区'),
	('CHN035005003', 'CHN035005', '福建', '泉州', '丰泽区'),
	('CHN035005004', 'CHN035005', '福建', '泉州', '洛江区'),
	('CHN035005005', 'CHN035005', '福建', '泉州', '泉港区'),
	('CHN035005021', 'CHN035005', '福建', '泉州', '惠安县'),
	('CHN035005024', 'CHN035005', '福建', '泉州', '安溪县'),
	('CHN035005025', 'CHN035005', '福建', '泉州', '永春县'),
	('CHN035005026', 'CHN035005', '福建', '泉州', '德化县'),
	('CHN035005027', 'CHN035005', '福建', '泉州', '金门县'),
	('CHN035005081', 'CHN035005', '福建', '泉州', '石狮市'),
	('CHN035005082', 'CHN035005', '福建', '泉州', '晋江市'),
	('CHN035005083', 'CHN035005', '福建', '泉州', '南安市'),
	('CHN035006002', 'CHN035006', '福建', '漳州', '芗城区'),
	('CHN035006003', 'CHN035006', '福建', '漳州', '龙文区'),
	('CHN035006022', 'CHN035006', '福建', '漳州', '云霄县'),
	('CHN035006023', 'CHN035006', '福建', '漳州', '漳浦县'),
	('CHN035006024', 'CHN035006', '福建', '漳州', '诏安县'),
	('CHN035006025', 'CHN035006', '福建', '漳州', '长泰县'),
	('CHN035006026', 'CHN035006', '福建', '漳州', '东山县'),
	('CHN035006027', 'CHN035006', '福建', '漳州', '南靖县'),
	('CHN035006028', 'CHN035006', '福建', '漳州', '平和县'),
	('CHN035006029', 'CHN035006', '福建', '漳州', '华安县'),
	('CHN035006081', 'CHN035006', '福建', '漳州', '龙海市'),
	('CHN035007002', 'CHN035007', '福建', '南平', '延平区'),
	('CHN035007021', 'CHN035007', '福建', '南平', '顺昌县'),
	('CHN035007022', 'CHN035007', '福建', '南平', '浦城县'),
	('CHN035007023', 'CHN035007', '福建', '南平', '光泽县'),
	('CHN035007024', 'CHN035007', '福建', '南平', '松溪县'),
	('CHN035007025', 'CHN035007', '福建', '南平', '政和县'),
	('CHN035007081', 'CHN035007', '福建', '南平', '邵武市'),
	('CHN035007082', 'CHN035007', '福建', '南平', '武夷山市'),
	('CHN035007083', 'CHN035007', '福建', '南平', '建瓯市'),
	('CHN035007084', 'CHN035007', '福建', '南平', '建阳市'),
	('CHN035008002', 'CHN035008', '福建', '龙岩', '新罗区'),
	('CHN035008021', 'CHN035008', '福建', '龙岩', '长汀县'),
	('CHN035008022', 'CHN035008', '福建', '龙岩', '永定县'),
	('CHN035008023', 'CHN035008', '福建', '龙岩', '上杭县'),
	('CHN035008024', 'CHN035008', '福建', '龙岩', '武平县'),
	('CHN035008025', 'CHN035008', '福建', '龙岩', '连城县'),
	('CHN035008081', 'CHN035008', '福建', '龙岩', '漳平市'),
	('CHN035009002', 'CHN035009', '福建', '宁德', '蕉城区'),
	('CHN035009021', 'CHN035009', '福建', '宁德', '霞浦县'),
	('CHN035009022', 'CHN035009', '福建', '宁德', '古田县'),
	('CHN035009023', 'CHN035009', '福建', '宁德', '屏南县'),
	('CHN035009024', 'CHN035009', '福建', '宁德', '寿宁县'),
	('CHN035009025', 'CHN035009', '福建', '宁德', '周宁县'),
	('CHN035009026', 'CHN035009', '福建', '宁德', '柘荣县'),
	('CHN035009081', 'CHN035009', '福建', '宁德', '福安市'),
	('CHN035009082', 'CHN035009', '福建', '宁德', '福鼎市'),
	('CHN036001002', 'CHN036001', '江西', '南昌', '东湖区'),
	('CHN036001003', 'CHN036001', '江西', '南昌', '西湖区'),
	('CHN036001004', 'CHN036001', '江西', '南昌', '青云谱区'),
	('CHN036001005', 'CHN036001', '江西', '南昌', '湾里区'),
	('CHN036001011', 'CHN036001', '江西', '南昌', '青山湖区'),
	('CHN036001021', 'CHN036001', '江西', '南昌', '南昌县'),
	('CHN036001022', 'CHN036001', '江西', '南昌', '新建县'),
	('CHN036001023', 'CHN036001', '江西', '南昌', '安义县'),
	('CHN036001024', 'CHN036001', '江西', '南昌', '进贤县'),
	('CHN036002002', 'CHN036002', '江西', '景德镇', '昌江区'),
	('CHN036002003', 'CHN036002', '江西', '景德镇', '珠山区'),
	('CHN036002022', 'CHN036002', '江西', '景德镇', '浮梁县'),
	('CHN036002081', 'CHN036002', '江西', '景德镇', '乐平市'),
	('CHN036003002', 'CHN036003', '江西', '萍乡', '安源区'),
	('CHN036003013', 'CHN036003', '江西', '萍乡', '湘东区'),
	('CHN036003021', 'CHN036003', '江西', '萍乡', '莲花县'),
	('CHN036003022', 'CHN036003', '江西', '萍乡', '上栗县'),
	('CHN036003023', 'CHN036003', '江西', '萍乡', '芦溪县'),
	('CHN036004002', 'CHN036004', '江西', '九江', '庐山区'),
	('CHN036004003', 'CHN036004', '江西', '九江', '浔阳区'),
	('CHN036004021', 'CHN036004', '江西', '九江', '九江县'),
	('CHN036004023', 'CHN036004', '江西', '九江', '武宁县'),
	('CHN036004024', 'CHN036004', '江西', '九江', '修水县'),
	('CHN036004025', 'CHN036004', '江西', '九江', '永修县'),
	('CHN036004026', 'CHN036004', '江西', '九江', '德安县'),
	('CHN036004027', 'CHN036004', '江西', '九江', '星子县'),
	('CHN036004028', 'CHN036004', '江西', '九江', '都昌县'),
	('CHN036004029', 'CHN036004', '江西', '九江', '湖口县'),
	('CHN036004030', 'CHN036004', '江西', '九江', '彭泽县'),
	('CHN036004081', 'CHN036004', '江西', '九江', '瑞昌市'),
	('CHN036005002', 'CHN036005', '江西', '新余', '渝水区'),
	('CHN036005021', 'CHN036005', '江西', '新余', '分宜县'),
	('CHN036006002', 'CHN036006', '江西', '鹰潭', '月湖区'),
	('CHN036006022', 'CHN036006', '江西', '鹰潭', '余江县'),
	('CHN036006081', 'CHN036006', '江西', '鹰潭', '贵溪市'),
	('CHN036007002', 'CHN036007', '江西', '赣州', '章贡区'),
	('CHN036007021', 'CHN036007', '江西', '赣州', '赣　县'),
	('CHN036007022', 'CHN036007', '江西', '赣州', '信丰县'),
	('CHN036007023', 'CHN036007', '江西', '赣州', '大余县'),
	('CHN036007024', 'CHN036007', '江西', '赣州', '上犹县'),
	('CHN036007025', 'CHN036007', '江西', '赣州', '崇义县'),
	('CHN036007026', 'CHN036007', '江西', '赣州', '安远县'),
	('CHN036007027', 'CHN036007', '江西', '赣州', '龙南县'),
	('CHN036007028', 'CHN036007', '江西', '赣州', '定南县'),
	('CHN036007029', 'CHN036007', '江西', '赣州', '全南县'),
	('CHN036007030', 'CHN036007', '江西', '赣州', '宁都县'),
	('CHN036007031', 'CHN036007', '江西', '赣州', '于都县'),
	('CHN036007032', 'CHN036007', '江西', '赣州', '兴国县'),
	('CHN036007033', 'CHN036007', '江西', '赣州', '会昌县'),
	('CHN036007034', 'CHN036007', '江西', '赣州', '寻乌县'),
	('CHN036007035', 'CHN036007', '江西', '赣州', '石城县'),
	('CHN036007081', 'CHN036007', '江西', '赣州', '瑞金市'),
	('CHN036007082', 'CHN036007', '江西', '赣州', '南康市'),
	('CHN036008002', 'CHN036008', '江西', '吉安', '吉州区'),
	('CHN036008003', 'CHN036008', '江西', '吉安', '青原区'),
	('CHN036008021', 'CHN036008', '江西', '吉安', '吉安县'),
	('CHN036008022', 'CHN036008', '江西', '吉安', '吉水县'),
	('CHN036008023', 'CHN036008', '江西', '吉安', '峡江县'),
	('CHN036008024', 'CHN036008', '江西', '吉安', '新干县'),
	('CHN036008025', 'CHN036008', '江西', '吉安', '永丰县'),
	('CHN036008026', 'CHN036008', '江西', '吉安', '泰和县'),
	('CHN036008027', 'CHN036008', '江西', '吉安', '遂川县'),
	('CHN036008028', 'CHN036008', '江西', '吉安', '万安县'),
	('CHN036008029', 'CHN036008', '江西', '吉安', '安福县'),
	('CHN036008030', 'CHN036008', '江西', '吉安', '永新县'),
	('CHN036008081', 'CHN036008', '江西', '吉安', '井冈山市'),
	('CHN036009002', 'CHN036009', '江西', '宜春', '袁州区'),
	('CHN036009021', 'CHN036009', '江西', '宜春', '奉新县'),
	('CHN036009022', 'CHN036009', '江西', '宜春', '万载县'),
	('CHN036009023', 'CHN036009', '江西', '宜春', '上高县'),
	('CHN036009024', 'CHN036009', '江西', '宜春', '宜丰县'),
	('CHN036009025', 'CHN036009', '江西', '宜春', '靖安县'),
	('CHN036009026', 'CHN036009', '江西', '宜春', '铜鼓县'),
	('CHN036009081', 'CHN036009', '江西', '宜春', '丰城市'),
	('CHN036009082', 'CHN036009', '江西', '宜春', '樟树市'),
	('CHN036009083', 'CHN036009', '江西', '宜春', '高安市'),
	('CHN036010002', 'CHN036010', '江西', '抚州', '临川区'),
	('CHN036010021', 'CHN036010', '江西', '抚州', '南城县'),
	('CHN036010022', 'CHN036010', '江西', '抚州', '黎川县'),
	('CHN036010023', 'CHN036010', '江西', '抚州', '南丰县'),
	('CHN036010024', 'CHN036010', '江西', '抚州', '崇仁县'),
	('CHN036010025', 'CHN036010', '江西', '抚州', '乐安县'),
	('CHN036010026', 'CHN036010', '江西', '抚州', '宜黄县'),
	('CHN036010027', 'CHN036010', '江西', '抚州', '金溪县'),
	('CHN036010028', 'CHN036010', '江西', '抚州', '资溪县'),
	('CHN036010029', 'CHN036010', '江西', '抚州', '东乡县'),
	('CHN036010030', 'CHN036010', '江西', '抚州', '广昌县'),
	('CHN036011002', 'CHN036011', '江西', '上饶', '信州区'),
	('CHN036011021', 'CHN036011', '江西', '上饶', '上饶县'),
	('CHN036011022', 'CHN036011', '江西', '上饶', '广丰县'),
	('CHN036011023', 'CHN036011', '江西', '上饶', '玉山县'),
	('CHN036011024', 'CHN036011', '江西', '上饶', '铅山县'),
	('CHN036011025', 'CHN036011', '江西', '上饶', '横峰县'),
	('CHN036011026', 'CHN036011', '江西', '上饶', '弋阳县'),
	('CHN036011027', 'CHN036011', '江西', '上饶', '余干县'),
	('CHN036011028', 'CHN036011', '江西', '上饶', '鄱阳县'),
	('CHN036011029', 'CHN036011', '江西', '上饶', '万年县'),
	('CHN036011030', 'CHN036011', '江西', '上饶', '婺源县'),
	('CHN036011081', 'CHN036011', '江西', '上饶', '德兴市'),
	('CHN037001002', 'CHN037001', '山东', '济南', '历下区'),
	('CHN037001003', 'CHN037001', '山东', '济南', '市中区'),
	('CHN037001004', 'CHN037001', '山东', '济南', '槐荫区'),
	('CHN037001005', 'CHN037001', '山东', '济南', '天桥区'),
	('CHN037001012', 'CHN037001', '山东', '济南', '历城区'),
	('CHN037001013', 'CHN037001', '山东', '济南', '长清区'),
	('CHN037001024', 'CHN037001', '山东', '济南', '平阴县'),
	('CHN037001025', 'CHN037001', '山东', '济南', '济阳县'),
	('CHN037001026', 'CHN037001', '山东', '济南', '商河县'),
	('CHN037001081', 'CHN037001', '山东', '济南', '章丘市'),
	('CHN037002002', 'CHN037002', '山东', '青岛', '市南区'),
	('CHN037002003', 'CHN037002', '山东', '青岛', '市北区'),
	('CHN037002005', 'CHN037002', '山东', '青岛', '四方区'),
	('CHN037002011', 'CHN037002', '山东', '青岛', '黄岛区'),
	('CHN037002012', 'CHN037002', '山东', '青岛', '崂山区'),
	('CHN037002013', 'CHN037002', '山东', '青岛', '李沧区'),
	('CHN037002014', 'CHN037002', '山东', '青岛', '城阳区'),
	('CHN037002081', 'CHN037002', '山东', '青岛', '胶州市'),
	('CHN037002082', 'CHN037002', '山东', '青岛', '即墨市'),
	('CHN037002083', 'CHN037002', '山东', '青岛', '平度市'),
	('CHN037002084', 'CHN037002', '山东', '青岛', '胶南市'),
	('CHN037002085', 'CHN037002', '山东', '青岛', '莱西市'),
	('CHN037003002', 'CHN037003', '山东', '淄博', '淄川区'),
	('CHN037003003', 'CHN037003', '山东', '淄博', '张店区'),
	('CHN037003004', 'CHN037003', '山东', '淄博', '博山区'),
	('CHN037003005', 'CHN037003', '山东', '淄博', '临淄区'),
	('CHN037003006', 'CHN037003', '山东', '淄博', '周村区'),
	('CHN037003021', 'CHN037003', '山东', '淄博', '桓台县'),
	('CHN037003022', 'CHN037003', '山东', '淄博', '高青县'),
	('CHN037003023', 'CHN037003', '山东', '淄博', '沂源县'),
	('CHN037004002', 'CHN037004', '山东', '枣庄', '市中区'),
	('CHN037004003', 'CHN037004', '山东', '枣庄', '薛城区'),
	('CHN037004004', 'CHN037004', '山东', '枣庄', '峄城区'),
	('CHN037004005', 'CHN037004', '山东', '枣庄', '台儿庄区'),
	('CHN037004006', 'CHN037004', '山东', '枣庄', '山亭区'),
	('CHN037004081', 'CHN037004', '山东', '枣庄', '滕州市'),
	('CHN037005002', 'CHN037005', '山东', '东营', '东营区'),
	('CHN037005003', 'CHN037005', '山东', '东营', '河口区'),
	('CHN037005021', 'CHN037005', '山东', '东营', '垦利县'),
	('CHN037005022', 'CHN037005', '山东', '东营', '利津县'),
	('CHN037005023', 'CHN037005', '山东', '东营', '广饶县'),
	('CHN037006002', 'CHN037006', '山东', '烟台', '芝罘区'),
	('CHN037006011', 'CHN037006', '山东', '烟台', '福山区'),
	('CHN037006012', 'CHN037006', '山东', '烟台', '牟平区'),
	('CHN037006013', 'CHN037006', '山东', '烟台', '莱山区'),
	('CHN037006034', 'CHN037006', '山东', '烟台', '长岛县'),
	('CHN037006081', 'CHN037006', '山东', '烟台', '龙口市'),
	('CHN037006082', 'CHN037006', '山东', '烟台', '莱阳市'),
	('CHN037006083', 'CHN037006', '山东', '烟台', '莱州市'),
	('CHN037006084', 'CHN037006', '山东', '烟台', '蓬莱市'),
	('CHN037006085', 'CHN037006', '山东', '烟台', '招远市'),
	('CHN037006086', 'CHN037006', '山东', '烟台', '栖霞市'),
	('CHN037006087', 'CHN037006', '山东', '烟台', '海阳市'),
	('CHN037007002', 'CHN037007', '山东', '潍坊', '潍城区'),
	('CHN037007003', 'CHN037007', '山东', '潍坊', '寒亭区'),
	('CHN037007004', 'CHN037007', '山东', '潍坊', '坊子区'),
	('CHN037007005', 'CHN037007', '山东', '潍坊', '奎文区'),
	('CHN037007024', 'CHN037007', '山东', '潍坊', '临朐县'),
	('CHN037007025', 'CHN037007', '山东', '潍坊', '昌乐县'),
	('CHN037007081', 'CHN037007', '山东', '潍坊', '青州市'),
	('CHN037007082', 'CHN037007', '山东', '潍坊', '诸城市'),
	('CHN037007083', 'CHN037007', '山东', '潍坊', '寿光市'),
	('CHN037007084', 'CHN037007', '山东', '潍坊', '安丘市'),
	('CHN037007085', 'CHN037007', '山东', '潍坊', '高密市'),
	('CHN037007086', 'CHN037007', '山东', '潍坊', '昌邑市'),
	('CHN037008002', 'CHN037008', '山东', '济宁', '市中区'),
	('CHN037008011', 'CHN037008', '山东', '济宁', '任城区'),
	('CHN037008026', 'CHN037008', '山东', '济宁', '微山县'),
	('CHN037008027', 'CHN037008', '山东', '济宁', '鱼台县'),
	('CHN037008028', 'CHN037008', '山东', '济宁', '金乡县'),
	('CHN037008029', 'CHN037008', '山东', '济宁', '嘉祥县'),
	('CHN037008030', 'CHN037008', '山东', '济宁', '汶上县'),
	('CHN037008031', 'CHN037008', '山东', '济宁', '泗水县'),
	('CHN037008032', 'CHN037008', '山东', '济宁', '梁山县'),
	('CHN037008081', 'CHN037008', '山东', '济宁', '曲阜市'),
	('CHN037008082', 'CHN037008', '山东', '济宁', '兖州市'),
	('CHN037008083', 'CHN037008', '山东', '济宁', '邹城市'),
	('CHN037009002', 'CHN037009', '山东', '泰安', '泰山区'),
	('CHN037009011', 'CHN037009', '山东', '泰安', '岱岳区'),
	('CHN037009021', 'CHN037009', '山东', '泰安', '宁阳县'),
	('CHN037009023', 'CHN037009', '山东', '泰安', '东平县'),
	('CHN037009082', 'CHN037009', '山东', '泰安', '新泰市'),
	('CHN037009083', 'CHN037009', '山东', '泰安', '肥城市'),
	('CHN037010002', 'CHN037010', '山东', '威海', '环翠区'),
	('CHN037010081', 'CHN037010', '山东', '威海', '文登市'),
	('CHN037010082', 'CHN037010', '山东', '威海', '荣成市'),
	('CHN037010083', 'CHN037010', '山东', '威海', '乳山市'),
	('CHN037011002', 'CHN037011', '山东', '日照', '东港区'),
	('CHN037011003', 'CHN037011', '山东', '日照', '岚山区'),
	('CHN037011021', 'CHN037011', '山东', '日照', '五莲县'),
	('CHN037011022', 'CHN037011', '山东', '日照', '莒　县'),
	('CHN037012002', 'CHN037012', '山东', '莱芜', '莱城区'),
	('CHN037012003', 'CHN037012', '山东', '莱芜', '钢城区'),
	('CHN037013002', 'CHN037013', '山东', '临沂', '兰山区'),
	('CHN037013011', 'CHN037013', '山东', '临沂', '罗庄区'),
	('CHN037013012', 'CHN037013', '山东', '临沂', '河东区'),
	('CHN037013021', 'CHN037013', '山东', '临沂', '沂南县'),
	('CHN037013022', 'CHN037013', '山东', '临沂', '郯城县'),
	('CHN037013023', 'CHN037013', '山东', '临沂', '沂水县'),
	('CHN037013024', 'CHN037013', '山东', '临沂', '苍山县'),
	('CHN037013025', 'CHN037013', '山东', '临沂', '费　县'),
	('CHN037013026', 'CHN037013', '山东', '临沂', '平邑县'),
	('CHN037013027', 'CHN037013', '山东', '临沂', '莒南县'),
	('CHN037013028', 'CHN037013', '山东', '临沂', '蒙阴县'),
	('CHN037013029', 'CHN037013', '山东', '临沂', '临沭县'),
	('CHN037014002', 'CHN037014', '山东', '德州', '德城区'),
	('CHN037014021', 'CHN037014', '山东', '德州', '陵　县'),
	('CHN037014022', 'CHN037014', '山东', '德州', '宁津县'),
	('CHN037014023', 'CHN037014', '山东', '德州', '庆云县'),
	('CHN037014024', 'CHN037014', '山东', '德州', '临邑县'),
	('CHN037014025', 'CHN037014', '山东', '德州', '齐河县'),
	('CHN037014026', 'CHN037014', '山东', '德州', '平原县'),
	('CHN037014027', 'CHN037014', '山东', '德州', '夏津县'),
	('CHN037014028', 'CHN037014', '山东', '德州', '武城县'),
	('CHN037014081', 'CHN037014', '山东', '德州', '乐陵市'),
	('CHN037014082', 'CHN037014', '山东', '德州', '禹城市'),
	('CHN037015002', 'CHN037015', '山东', '聊城', '东昌府区'),
	('CHN037015021', 'CHN037015', '山东', '聊城', '阳谷县'),
	('CHN037015022', 'CHN037015', '山东', '聊城', '莘　县'),
	('CHN037015023', 'CHN037015', '山东', '聊城', '茌平县'),
	('CHN037015024', 'CHN037015', '山东', '聊城', '东阿县'),
	('CHN037015025', 'CHN037015', '山东', '聊城', '冠　县'),
	('CHN037015026', 'CHN037015', '山东', '聊城', '高唐县'),
	('CHN037015081', 'CHN037015', '山东', '聊城', '临清市'),
	('CHN037016002', 'CHN037016', '山东', '滨州', '滨城区'),
	('CHN037016021', 'CHN037016', '山东', '滨州', '惠民县'),
	('CHN037016022', 'CHN037016', '山东', '滨州', '阳信县'),
	('CHN037016023', 'CHN037016', '山东', '滨州', '无棣县'),
	('CHN037016024', 'CHN037016', '山东', '滨州', '沾化县'),
	('CHN037016025', 'CHN037016', '山东', '滨州', '博兴县'),
	('CHN037016026', 'CHN037016', '山东', '滨州', '邹平县'),
	('CHN037017002', 'CHN037017', '山东', '菏泽', '牡丹区'),
	('CHN037017021', 'CHN037017', '山东', '菏泽', '曹　县'),
	('CHN037017022', 'CHN037017', '山东', '菏泽', '单　县'),
	('CHN037017023', 'CHN037017', '山东', '菏泽', '成武县'),
	('CHN037017024', 'CHN037017', '山东', '菏泽', '巨野县'),
	('CHN037017025', 'CHN037017', '山东', '菏泽', '郓城县'),
	('CHN037017026', 'CHN037017', '山东', '菏泽', '鄄城县'),
	('CHN037017027', 'CHN037017', '山东', '菏泽', '定陶县'),
	('CHN037017028', 'CHN037017', '山东', '菏泽', '东明县'),
	('CHN041001002', 'CHN041001', '河南', '郑州', '中原区'),
	('CHN041001003', 'CHN041001', '河南', '郑州', '二七区'),
	('CHN041001004', 'CHN041001', '河南', '郑州', '管城回族区'),
	('CHN041001005', 'CHN041001', '河南', '郑州', '金水区'),
	('CHN041001006', 'CHN041001', '河南', '郑州', '上街区'),
	('CHN041001008', 'CHN041001', '河南', '郑州', '惠济区'),
	('CHN041001022', 'CHN041001', '河南', '郑州', '中牟县'),
	('CHN041001081', 'CHN041001', '河南', '郑州', '巩义市'),
	('CHN041001082', 'CHN041001', '河南', '郑州', '荥阳市'),
	('CHN041001083', 'CHN041001', '河南', '郑州', '新密市'),
	('CHN041001084', 'CHN041001', '河南', '郑州', '新郑市'),
	('CHN041001085', 'CHN041001', '河南', '郑州', '登封市'),
	('CHN041002002', 'CHN041002', '河南', '开封', '龙亭区'),
	('CHN041002003', 'CHN041002', '河南', '开封', '顺河回族区'),
	('CHN041002004', 'CHN041002', '河南', '开封', '鼓楼区'),
	('CHN041002005', 'CHN041002', '河南', '开封', '禹王台区'),
	('CHN041002011', 'CHN041002', '河南', '开封', '金明区'),
	('CHN041002021', 'CHN041002', '河南', '开封', '杞　县'),
	('CHN041002022', 'CHN041002', '河南', '开封', '通许县'),
	('CHN041002023', 'CHN041002', '河南', '开封', '尉氏县'),
	('CHN041002024', 'CHN041002', '河南', '开封', '开封县'),
	('CHN041002025', 'CHN041002', '河南', '开封', '兰考县'),
	('CHN041003002', 'CHN041003', '河南', '洛阳', '老城区'),
	('CHN041003003', 'CHN041003', '河南', '洛阳', '西工区'),
	('CHN041003004', 'CHN041003', '河南', '洛阳', '瀍河回族区'),
	('CHN041003005', 'CHN041003', '河南', '洛阳', '涧西区'),
	('CHN041003006', 'CHN041003', '河南', '洛阳', '吉利区'),
	('CHN041003011', 'CHN041003', '河南', '洛阳', '洛龙区'),
	('CHN041003022', 'CHN041003', '河南', '洛阳', '孟津县'),
	('CHN041003023', 'CHN041003', '河南', '洛阳', '新安县'),
	('CHN041003024', 'CHN041003', '河南', '洛阳', '栾川县'),
	('CHN041003025', 'CHN041003', '河南', '洛阳', '嵩　县'),
	('CHN041003026', 'CHN041003', '河南', '洛阳', '汝阳县'),
	('CHN041003027', 'CHN041003', '河南', '洛阳', '宜阳县'),
	('CHN041003028', 'CHN041003', '河南', '洛阳', '洛宁县'),
	('CHN041003029', 'CHN041003', '河南', '洛阳', '伊川县'),
	('CHN041003081', 'CHN041003', '河南', '洛阳', '偃师市'),
	('CHN041004002', 'CHN041004', '河南', '平顶山', '新华区'),
	('CHN041004003', 'CHN041004', '河南', '平顶山', '卫东区'),
	('CHN041004004', 'CHN041004', '河南', '平顶山', '石龙区'),
	('CHN041004011', 'CHN041004', '河南', '平顶山', '湛河区'),
	('CHN041004021', 'CHN041004', '河南', '平顶山', '宝丰县'),
	('CHN041004022', 'CHN041004', '河南', '平顶山', '叶　县'),
	('CHN041004023', 'CHN041004', '河南', '平顶山', '鲁山县'),
	('CHN041004025', 'CHN041004', '河南', '平顶山', '郏　县'),
	('CHN041004081', 'CHN041004', '河南', '平顶山', '舞钢市'),
	('CHN041004082', 'CHN041004', '河南', '平顶山', '汝州市'),
	('CHN041005002', 'CHN041005', '河南', '安阳', '文峰区'),
	('CHN041005003', 'CHN041005', '河南', '安阳', '北关区'),
	('CHN041005005', 'CHN041005', '河南', '安阳', '殷都区'),
	('CHN041005006', 'CHN041005', '河南', '安阳', '龙安区'),
	('CHN041005022', 'CHN041005', '河南', '安阳', '安阳县'),
	('CHN041005023', 'CHN041005', '河南', '安阳', '汤阴县'),
	('CHN041005026', 'CHN041005', '河南', '安阳', '滑　县'),
	('CHN041005027', 'CHN041005', '河南', '安阳', '内黄县'),
	('CHN041005081', 'CHN041005', '河南', '安阳', '林州市'),
	('CHN041006002', 'CHN041006', '河南', '鹤壁', '鹤山区'),
	('CHN041006003', 'CHN041006', '河南', '鹤壁', '山城区'),
	('CHN041006011', 'CHN041006', '河南', '鹤壁', '淇滨区'),
	('CHN041006021', 'CHN041006', '河南', '鹤壁', '浚　县'),
	('CHN041006022', 'CHN041006', '河南', '鹤壁', '淇　县'),
	('CHN041007002', 'CHN041007', '河南', '新乡', '红旗区'),
	('CHN041007003', 'CHN041007', '河南', '新乡', '卫滨区'),
	('CHN041007004', 'CHN041007', '河南', '新乡', '凤泉区'),
	('CHN041007011', 'CHN041007', '河南', '新乡', '牧野区'),
	('CHN041007021', 'CHN041007', '河南', '新乡', '新乡县'),
	('CHN041007024', 'CHN041007', '河南', '新乡', '获嘉县'),
	('CHN041007025', 'CHN041007', '河南', '新乡', '原阳县'),
	('CHN041007026', 'CHN041007', '河南', '新乡', '延津县'),
	('CHN041007027', 'CHN041007', '河南', '新乡', '封丘县'),
	('CHN041007028', 'CHN041007', '河南', '新乡', '长垣县'),
	('CHN041007081', 'CHN041007', '河南', '新乡', '卫辉市'),
	('CHN041007082', 'CHN041007', '河南', '新乡', '辉县市'),
	('CHN041008002', 'CHN041008', '河南', '焦作', '解放区'),
	('CHN041008003', 'CHN041008', '河南', '焦作', '中站区'),
	('CHN041008004', 'CHN041008', '河南', '焦作', '马村区'),
	('CHN041008011', 'CHN041008', '河南', '焦作', '山阳区'),
	('CHN041008021', 'CHN041008', '河南', '焦作', '修武县'),
	('CHN041008022', 'CHN041008', '河南', '焦作', '博爱县'),
	('CHN041008023', 'CHN041008', '河南', '焦作', '武陟县'),
	('CHN041008025', 'CHN041008', '河南', '焦作', '温　县'),
	('CHN041008082', 'CHN041008', '河南', '焦作', '沁阳市'),
	('CHN041008083', 'CHN041008', '河南', '焦作', '孟州市'),
	('CHN041009002', 'CHN041009', '河南', '濮阳', '华龙区'),
	('CHN041009022', 'CHN041009', '河南', '濮阳', '清丰县'),
	('CHN041009023', 'CHN041009', '河南', '濮阳', '南乐县'),
	('CHN041009026', 'CHN041009', '河南', '濮阳', '范　县'),
	('CHN041009027', 'CHN041009', '河南', '濮阳', '台前县'),
	('CHN041009028', 'CHN041009', '河南', '濮阳', '濮阳县'),
	('CHN041010002', 'CHN041010', '河南', '许昌', '魏都区'),
	('CHN041010023', 'CHN041010', '河南', '许昌', '许昌县'),
	('CHN041010024', 'CHN041010', '河南', '许昌', '鄢陵县'),
	('CHN041010025', 'CHN041010', '河南', '许昌', '襄城县'),
	('CHN041010081', 'CHN041010', '河南', '许昌', '禹州市'),
	('CHN041010082', 'CHN041010', '河南', '许昌', '长葛市'),
	('CHN041011002', 'CHN041011', '河南', '漯河', '源汇区'),
	('CHN041011003', 'CHN041011', '河南', '漯河', '郾城区'),
	('CHN041011004', 'CHN041011', '河南', '漯河', '召陵区'),
	('CHN041011021', 'CHN041011', '河南', '漯河', '舞阳县'),
	('CHN041011022', 'CHN041011', '河南', '漯河', '临颍县'),
	('CHN041012002', 'CHN041012', '河南', '三门峡', '湖滨区'),
	('CHN041012021', 'CHN041012', '河南', '三门峡', '渑池县'),
	('CHN041012022', 'CHN041012', '河南', '三门峡', '陕　县'),
	('CHN041012024', 'CHN041012', '河南', '三门峡', '卢氏县'),
	('CHN041012081', 'CHN041012', '河南', '三门峡', '义马市'),
	('CHN041012082', 'CHN041012', '河南', '三门峡', '灵宝市'),
	('CHN041013002', 'CHN041013', '河南', '南阳', '宛城区'),
	('CHN041013003', 'CHN041013', '河南', '南阳', '卧龙区'),
	('CHN041013021', 'CHN041013', '河南', '南阳', '南召县'),
	('CHN041013022', 'CHN041013', '河南', '南阳', '方城县'),
	('CHN041013023', 'CHN041013', '河南', '南阳', '西峡县'),
	('CHN041013024', 'CHN041013', '河南', '南阳', '镇平县'),
	('CHN041013025', 'CHN041013', '河南', '南阳', '内乡县'),
	('CHN041013026', 'CHN041013', '河南', '南阳', '淅川县'),
	('CHN041013027', 'CHN041013', '河南', '南阳', '社旗县'),
	('CHN041013028', 'CHN041013', '河南', '南阳', '唐河县'),
	('CHN041013029', 'CHN041013', '河南', '南阳', '新野县'),
	('CHN041013030', 'CHN041013', '河南', '南阳', '桐柏县'),
	('CHN041013081', 'CHN041013', '河南', '南阳', '邓州市'),
	('CHN041014002', 'CHN041014', '河南', '商丘', '梁园区'),
	('CHN041014003', 'CHN041014', '河南', '商丘', '睢阳区'),
	('CHN041014021', 'CHN041014', '河南', '商丘', '民权县'),
	('CHN041014022', 'CHN041014', '河南', '商丘', '睢　县'),
	('CHN041014023', 'CHN041014', '河南', '商丘', '宁陵县'),
	('CHN041014024', 'CHN041014', '河南', '商丘', '柘城县'),
	('CHN041014025', 'CHN041014', '河南', '商丘', '虞城县'),
	('CHN041014026', 'CHN041014', '河南', '商丘', '夏邑县'),
	('CHN041014081', 'CHN041014', '河南', '商丘', '永城市'),
	('CHN041015002', 'CHN041015', '河南', '信阳', '浉河区'),
	('CHN041015003', 'CHN041015', '河南', '信阳', '平桥区'),
	('CHN041015021', 'CHN041015', '河南', '信阳', '罗山县'),
	('CHN041015022', 'CHN041015', '河南', '信阳', '光山县'),
	('CHN041015023', 'CHN041015', '河南', '信阳', '新　县'),
	('CHN041015024', 'CHN041015', '河南', '信阳', '商城县'),
	('CHN041015025', 'CHN041015', '河南', '信阳', '固始县'),
	('CHN041015026', 'CHN041015', '河南', '信阳', '潢川县'),
	('CHN041015027', 'CHN041015', '河南', '信阳', '淮滨县'),
	('CHN041015028', 'CHN041015', '河南', '信阳', '息　县'),
	('CHN041016002', 'CHN041016', '河南', '周口', '川汇区'),
	('CHN041016021', 'CHN041016', '河南', '周口', '扶沟县'),
	('CHN041016022', 'CHN041016', '河南', '周口', '西华县'),
	('CHN041016023', 'CHN041016', '河南', '周口', '商水县'),
	('CHN041016024', 'CHN041016', '河南', '周口', '沈丘县'),
	('CHN041016025', 'CHN041016', '河南', '周口', '郸城县'),
	('CHN041016026', 'CHN041016', '河南', '周口', '淮阳县'),
	('CHN041016027', 'CHN041016', '河南', '周口', '太康县'),
	('CHN041016028', 'CHN041016', '河南', '周口', '鹿邑县'),
	('CHN041016081', 'CHN041016', '河南', '周口', '项城市'),
	('CHN041017002', 'CHN041017', '河南', '驻马店', '驿城区'),
	('CHN041017021', 'CHN041017', '河南', '驻马店', '西平县'),
	('CHN041017022', 'CHN041017', '河南', '驻马店', '上蔡县'),
	('CHN041017023', 'CHN041017', '河南', '驻马店', '平舆县'),
	('CHN041017024', 'CHN041017', '河南', '驻马店', '正阳县'),
	('CHN041017025', 'CHN041017', '河南', '驻马店', '确山县'),
	('CHN041017026', 'CHN041017', '河南', '驻马店', '泌阳县'),
	('CHN041017027', 'CHN041017', '河南', '驻马店', '汝南县'),
	('CHN041017028', 'CHN041017', '河南', '驻马店', '遂平县'),
	('CHN041017029', 'CHN041017', '河南', '驻马店', '新蔡县'),
	('CHN042001002', 'CHN042001', '湖北', '武汉', '江岸区'),
	('CHN042001003', 'CHN042001', '湖北', '武汉', '江汉区'),
	('CHN042001004', 'CHN042001', '湖北', '武汉', '硚口区'),
	('CHN042001005', 'CHN042001', '湖北', '武汉', '汉阳区'),
	('CHN042001006', 'CHN042001', '湖北', '武汉', '武昌区'),
	('CHN042001007', 'CHN042001', '湖北', '武汉', '青山区'),
	('CHN042001011', 'CHN042001', '湖北', '武汉', '洪山区'),
	('CHN042001012', 'CHN042001', '湖北', '武汉', '东西湖区'),
	('CHN042001013', 'CHN042001', '湖北', '武汉', '汉南区'),
	('CHN042001014', 'CHN042001', '湖北', '武汉', '蔡甸区'),
	('CHN042001015', 'CHN042001', '湖北', '武汉', '江夏区'),
	('CHN042001016', 'CHN042001', '湖北', '武汉', '黄陂区'),
	('CHN042001017', 'CHN042001', '湖北', '武汉', '新洲区'),
	('CHN042002002', 'CHN042002', '湖北', '黄石', '黄石港区'),
	('CHN042002003', 'CHN042002', '湖北', '黄石', '西塞山区'),
	('CHN042002004', 'CHN042002', '湖北', '黄石', '下陆区'),
	('CHN042002005', 'CHN042002', '湖北', '黄石', '铁山区'),
	('CHN042002022', 'CHN042002', '湖北', '黄石', '阳新县'),
	('CHN042002081', 'CHN042002', '湖北', '黄石', '大冶市'),
	('CHN042003002', 'CHN042003', '湖北', '十堰', '茅箭区'),
	('CHN042003003', 'CHN042003', '湖北', '十堰', '张湾区'),
	('CHN042003021', 'CHN042003', '湖北', '十堰', '郧　县'),
	('CHN042003022', 'CHN042003', '湖北', '十堰', '郧西县'),
	('CHN042003023', 'CHN042003', '湖北', '十堰', '竹山县'),
	('CHN042003024', 'CHN042003', '湖北', '十堰', '竹溪县'),
	('CHN042003025', 'CHN042003', '湖北', '十堰', '房　县'),
	('CHN042003081', 'CHN042003', '湖北', '十堰', '丹江口市'),
	('CHN042005002', 'CHN042005', '湖北', '宜昌', '西陵区'),
	('CHN042005003', 'CHN042005', '湖北', '宜昌', '伍家岗区'),
	('CHN042005004', 'CHN042005', '湖北', '宜昌', '点军区'),
	('CHN042005005', 'CHN042005', '湖北', '宜昌', '猇亭区'),
	('CHN042005006', 'CHN042005', '湖北', '宜昌', '夷陵区'),
	('CHN042005025', 'CHN042005', '湖北', '宜昌', '远安县'),
	('CHN042005026', 'CHN042005', '湖北', '宜昌', '兴山县'),
	('CHN042005027', 'CHN042005', '湖北', '宜昌', '秭归县'),
	('CHN042005028', 'CHN042005', '湖北', '宜昌', '长阳土家族自治县'),
	('CHN042005029', 'CHN042005', '湖北', '宜昌', '五峰土家族自治县'),
	('CHN042005081', 'CHN042005', '湖北', '宜昌', '宜都市'),
	('CHN042005082', 'CHN042005', '湖北', '宜昌', '当阳市'),
	('CHN042005083', 'CHN042005', '湖北', '宜昌', '枝江市'),
	('CHN042006002', 'CHN042006', '湖北', '襄阳', '襄城区'),
	('CHN042006006', 'CHN042006', '湖北', '襄阳', '樊城区'),
	('CHN042006007', 'CHN042006', '湖北', '襄阳', '襄州区'),
	('CHN042006024', 'CHN042006', '湖北', '襄阳', '南漳县'),
	('CHN042006025', 'CHN042006', '湖北', '襄阳', '谷城县'),
	('CHN042006026', 'CHN042006', '湖北', '襄阳', '保康县'),
	('CHN042006082', 'CHN042006', '湖北', '襄阳', '老河口市'),
	('CHN042006083', 'CHN042006', '湖北', '襄阳', '枣阳市'),
	('CHN042006084', 'CHN042006', '湖北', '襄阳', '宜城市'),
	('CHN042007002', 'CHN042007', '湖北', '鄂州', '梁子湖区'),
	('CHN042007003', 'CHN042007', '湖北', '鄂州', '华容区'),
	('CHN042007004', 'CHN042007', '湖北', '鄂州', '鄂城区'),
	('CHN042008002', 'CHN042008', '湖北', '荆门', '东宝区'),
	('CHN042008004', 'CHN042008', '湖北', '荆门', '掇刀区'),
	('CHN042008021', 'CHN042008', '湖北', '荆门', '京山县'),
	('CHN042008022', 'CHN042008', '湖北', '荆门', '沙洋县'),
	('CHN042008081', 'CHN042008', '湖北', '荆门', '钟祥市'),
	('CHN042009002', 'CHN042009', '湖北', '孝感', '孝南区'),
	('CHN042009021', 'CHN042009', '湖北', '孝感', '孝昌县'),
	('CHN042009022', 'CHN042009', '湖北', '孝感', '大悟县'),
	('CHN042009023', 'CHN042009', '湖北', '孝感', '云梦县'),
	('CHN042009081', 'CHN042009', '湖北', '孝感', '应城市'),
	('CHN042009082', 'CHN042009', '湖北', '孝感', '安陆市'),
	('CHN042009084', 'CHN042009', '湖北', '孝感', '汉川市'),
	('CHN042010002', 'CHN042010', '湖北', '荆州', '沙市区'),
	('CHN042010003', 'CHN042010', '湖北', '荆州', '荆州区'),
	('CHN042010022', 'CHN042010', '湖北', '荆州', '公安县'),
	('CHN042010023', 'CHN042010', '湖北', '荆州', '监利县'),
	('CHN042010024', 'CHN042010', '湖北', '荆州', '江陵县'),
	('CHN042010081', 'CHN042010', '湖北', '荆州', '石首市'),
	('CHN042010083', 'CHN042010', '湖北', '荆州', '洪湖市'),
	('CHN042010087', 'CHN042010', '湖北', '荆州', '松滋市'),
	('CHN042011002', 'CHN042011', '湖北', '黄冈', '黄州区'),
	('CHN042011021', 'CHN042011', '湖北', '黄冈', '团风县'),
	('CHN042011022', 'CHN042011', '湖北', '黄冈', '红安县'),
	('CHN042011023', 'CHN042011', '湖北', '黄冈', '罗田县'),
	('CHN042011024', 'CHN042011', '湖北', '黄冈', '英山县'),
	('CHN042011025', 'CHN042011', '湖北', '黄冈', '浠水县'),
	('CHN042011026', 'CHN042011', '湖北', '黄冈', '蕲春县'),
	('CHN042011027', 'CHN042011', '湖北', '黄冈', '黄梅县'),
	('CHN042011081', 'CHN042011', '湖北', '黄冈', '麻城市'),
	('CHN042011082', 'CHN042011', '湖北', '黄冈', '武穴市'),
	('CHN042012002', 'CHN042012', '湖北', '咸宁', '咸安区'),
	('CHN042012021', 'CHN042012', '湖北', '咸宁', '嘉鱼县'),
	('CHN042012022', 'CHN042012', '湖北', '咸宁', '通城县'),
	('CHN042012023', 'CHN042012', '湖北', '咸宁', '崇阳县'),
	('CHN042012024', 'CHN042012', '湖北', '咸宁', '通山县'),
	('CHN042012081', 'CHN042012', '湖北', '咸宁', '赤壁市'),
	('CHN042013002', 'CHN042013', '湖北', '随州', '曾都区'),
	('CHN042013021', 'CHN042013', '湖北', '随州', '随县'),
	('CHN042013081', 'CHN042013', '湖北', '随州', '广水市'),
	('CHN042028001', 'CHN042028', '湖北', '恩施', '恩施市'),
	('CHN042028002', 'CHN042028', '湖北', '恩施', '利川市'),
	('CHN042028022', 'CHN042028', '湖北', '恩施', '建始县'),
	('CHN042028023', 'CHN042028', '湖北', '恩施', '巴东县'),
	('CHN042028025', 'CHN042028', '湖北', '恩施', '宣恩县'),
	('CHN042028026', 'CHN042028', '湖北', '恩施', '咸丰县'),
	('CHN042028027', 'CHN042028', '湖北', '恩施', '来凤县'),
	('CHN042028028', 'CHN042028', '湖北', '恩施', '鹤峰县'),
	('CHN043001002', 'CHN043001', '湖南', '长沙', '芙蓉区'),
	('CHN043001003', 'CHN043001', '湖南', '长沙', '天心区'),
	('CHN043001004', 'CHN043001', '湖南', '长沙', '岳麓区'),
	('CHN043001005', 'CHN043001', '湖南', '长沙', '开福区'),
	('CHN043001011', 'CHN043001', '湖南', '长沙', '雨花区'),
	('CHN043001021', 'CHN043001', '湖南', '长沙', '长沙县'),
	('CHN043001022', 'CHN043001', '湖南', '长沙', '望城区'),
	('CHN043001024', 'CHN043001', '湖南', '长沙', '宁乡县'),
	('CHN043001081', 'CHN043001', '湖南', '长沙', '浏阳市'),
	('CHN043002002', 'CHN043002', '湖南', '株洲', '荷塘区'),
	('CHN043002003', 'CHN043002', '湖南', '株洲', '芦淞区'),
	('CHN043002004', 'CHN043002', '湖南', '株洲', '石峰区'),
	('CHN043002011', 'CHN043002', '湖南', '株洲', '天元区'),
	('CHN043002021', 'CHN043002', '湖南', '株洲', '株洲县'),
	('CHN043002023', 'CHN043002', '湖南', '株洲', '攸　县'),
	('CHN043002024', 'CHN043002', '湖南', '株洲', '茶陵县'),
	('CHN043002025', 'CHN043002', '湖南', '株洲', '炎陵县'),
	('CHN043002081', 'CHN043002', '湖南', '株洲', '醴陵市'),
	('CHN043003002', 'CHN043003', '湖南', '湘潭', '雨湖区'),
	('CHN043003004', 'CHN043003', '湖南', '湘潭', '岳塘区'),
	('CHN043003021', 'CHN043003', '湖南', '湘潭', '湘潭县'),
	('CHN043003081', 'CHN043003', '湖南', '湘潭', '湘乡市'),
	('CHN043003082', 'CHN043003', '湖南', '湘潭', '韶山市'),
	('CHN043004005', 'CHN043004', '湖南', '衡阳', '珠晖区'),
	('CHN043004006', 'CHN043004', '湖南', '衡阳', '雁峰区'),
	('CHN043004007', 'CHN043004', '湖南', '衡阳', '石鼓区'),
	('CHN043004008', 'CHN043004', '湖南', '衡阳', '蒸湘区'),
	('CHN043004012', 'CHN043004', '湖南', '衡阳', '南岳区'),
	('CHN043004021', 'CHN043004', '湖南', '衡阳', '衡阳县'),
	('CHN043004022', 'CHN043004', '湖南', '衡阳', '衡南县'),
	('CHN043004023', 'CHN043004', '湖南', '衡阳', '衡山县'),
	('CHN043004024', 'CHN043004', '湖南', '衡阳', '衡东县'),
	('CHN043004026', 'CHN043004', '湖南', '衡阳', '祁东县'),
	('CHN043004081', 'CHN043004', '湖南', '衡阳', '耒阳市'),
	('CHN043004082', 'CHN043004', '湖南', '衡阳', '常宁市'),
	('CHN043005002', 'CHN043005', '湖南', '邵阳', '双清区'),
	('CHN043005003', 'CHN043005', '湖南', '邵阳', '大祥区'),
	('CHN043005011', 'CHN043005', '湖南', '邵阳', '北塔区'),
	('CHN043005021', 'CHN043005', '湖南', '邵阳', '邵东县'),
	('CHN043005022', 'CHN043005', '湖南', '邵阳', '新邵县'),
	('CHN043005023', 'CHN043005', '湖南', '邵阳', '邵阳县'),
	('CHN043005024', 'CHN043005', '湖南', '邵阳', '隆回县'),
	('CHN043005025', 'CHN043005', '湖南', '邵阳', '洞口县'),
	('CHN043005027', 'CHN043005', '湖南', '邵阳', '绥宁县'),
	('CHN043005028', 'CHN043005', '湖南', '邵阳', '新宁县'),
	('CHN043005029', 'CHN043005', '湖南', '邵阳', '城步苗族自治县'),
	('CHN043005081', 'CHN043005', '湖南', '邵阳', '武冈市'),
	('CHN043006002', 'CHN043006', '湖南', '岳阳', '岳阳楼区'),
	('CHN043006003', 'CHN043006', '湖南', '岳阳', '云溪区'),
	('CHN043006011', 'CHN043006', '湖南', '岳阳', '君山区'),
	('CHN043006021', 'CHN043006', '湖南', '岳阳', '岳阳县'),
	('CHN043006023', 'CHN043006', '湖南', '岳阳', '华容县'),
	('CHN043006024', 'CHN043006', '湖南', '岳阳', '湘阴县'),
	('CHN043006026', 'CHN043006', '湖南', '岳阳', '平江县'),
	('CHN043006081', 'CHN043006', '湖南', '岳阳', '汨罗市'),
	('CHN043006082', 'CHN043006', '湖南', '岳阳', '临湘市'),
	('CHN043007002', 'CHN043007', '湖南', '常德', '武陵区'),
	('CHN043007003', 'CHN043007', '湖南', '常德', '鼎城区'),
	('CHN043007021', 'CHN043007', '湖南', '常德', '安乡县'),
	('CHN043007022', 'CHN043007', '湖南', '常德', '汉寿县'),
	('CHN043007023', 'CHN043007', '湖南', '常德', '澧　县'),
	('CHN043007024', 'CHN043007', '湖南', '常德', '临澧县'),
	('CHN043007025', 'CHN043007', '湖南', '常德', '桃源县'),
	('CHN043007026', 'CHN043007', '湖南', '常德', '石门县'),
	('CHN043007081', 'CHN043007', '湖南', '常德', '津市市'),
	('CHN043008002', 'CHN043008', '湖南', '张家界', '永定区'),
	('CHN043008011', 'CHN043008', '湖南', '张家界', '武陵源区'),
	('CHN043008021', 'CHN043008', '湖南', '张家界', '慈利县'),
	('CHN043008022', 'CHN043008', '湖南', '张家界', '桑植县'),
	('CHN043009002', 'CHN043009', '湖南', '益阳', '资阳区'),
	('CHN043009003', 'CHN043009', '湖南', '益阳', '赫山区'),
	('CHN043009021', 'CHN043009', '湖南', '益阳', '南　县'),
	('CHN043009022', 'CHN043009', '湖南', '益阳', '桃江县'),
	('CHN043009023', 'CHN043009', '湖南', '益阳', '安化县'),
	('CHN043009081', 'CHN043009', '湖南', '益阳', '沅江市'),
	('CHN043010002', 'CHN043010', '湖南', '郴州', '北湖区'),
	('CHN043010003', 'CHN043010', '湖南', '郴州', '苏仙区'),
	('CHN043010021', 'CHN043010', '湖南', '郴州', '桂阳县'),
	('CHN043010022', 'CHN043010', '湖南', '郴州', '宜章县'),
	('CHN043010023', 'CHN043010', '湖南', '郴州', '永兴县'),
	('CHN043010024', 'CHN043010', '湖南', '郴州', '嘉禾县'),
	('CHN043010025', 'CHN043010', '湖南', '郴州', '临武县'),
	('CHN043010026', 'CHN043010', '湖南', '郴州', '汝城县'),
	('CHN043010027', 'CHN043010', '湖南', '郴州', '桂东县'),
	('CHN043010028', 'CHN043010', '湖南', '郴州', '安仁县'),
	('CHN043010081', 'CHN043010', '湖南', '郴州', '资兴市'),
	('CHN043011002', 'CHN043011', '湖南', '永州', '零陵区'),
	('CHN043011003', 'CHN043011', '湖南', '永州', '冷水滩区'),
	('CHN043011021', 'CHN043011', '湖南', '永州', '祁阳县'),
	('CHN043011022', 'CHN043011', '湖南', '永州', '东安县'),
	('CHN043011023', 'CHN043011', '湖南', '永州', '双牌县'),
	('CHN043011024', 'CHN043011', '湖南', '永州', '道　县'),
	('CHN043011025', 'CHN043011', '湖南', '永州', '江永县'),
	('CHN043011026', 'CHN043011', '湖南', '永州', '宁远县'),
	('CHN043011027', 'CHN043011', '湖南', '永州', '蓝山县'),
	('CHN043011028', 'CHN043011', '湖南', '永州', '新田县'),
	('CHN043011029', 'CHN043011', '湖南', '永州', '江华瑶族自治县'),
	('CHN043012002', 'CHN043012', '湖南', '怀化', '鹤城区'),
	('CHN043012021', 'CHN043012', '湖南', '怀化', '中方县'),
	('CHN043012022', 'CHN043012', '湖南', '怀化', '沅陵县'),
	('CHN043012023', 'CHN043012', '湖南', '怀化', '辰溪县'),
	('CHN043012024', 'CHN043012', '湖南', '怀化', '溆浦县'),
	('CHN043012025', 'CHN043012', '湖南', '怀化', '会同县'),
	('CHN043012026', 'CHN043012', '湖南', '怀化', '麻阳苗族自治县'),
	('CHN043012027', 'CHN043012', '湖南', '怀化', '新晃侗族自治县'),
	('CHN043012028', 'CHN043012', '湖南', '怀化', '芷江侗族自治县'),
	('CHN043012029', 'CHN043012', '湖南', '怀化', '靖州苗族侗族自治县'),
	('CHN043012030', 'CHN043012', '湖南', '怀化', '通道侗族自治县'),
	('CHN043012081', 'CHN043012', '湖南', '怀化', '洪江市'),
	('CHN043013002', 'CHN043013', '湖南', '娄底', '娄星区'),
	('CHN043013021', 'CHN043013', '湖南', '娄底', '双峰县'),
	('CHN043013022', 'CHN043013', '湖南', '娄底', '新化县'),
	('CHN043013081', 'CHN043013', '湖南', '娄底', '冷水江市'),
	('CHN043013082', 'CHN043013', '湖南', '娄底', '涟源市'),
	('CHN043031001', 'CHN043031', '湖南', '湘西', '吉首市'),
	('CHN043031022', 'CHN043031', '湖南', '湘西', '泸溪县'),
	('CHN043031023', 'CHN043031', '湖南', '湘西', '凤凰县'),
	('CHN043031024', 'CHN043031', '湖南', '湘西', '花垣县'),
	('CHN043031025', 'CHN043031', '湖南', '湘西', '保靖县'),
	('CHN043031026', 'CHN043031', '湖南', '湘西', '古丈县'),
	('CHN043031027', 'CHN043031', '湖南', '湘西', '永顺县'),
	('CHN043031030', 'CHN043031', '湖南', '湘西', '龙山县'),
	('CHN044001003', 'CHN044001', '广东', '广州', '荔湾区'),
	('CHN044001004', 'CHN044001', '广东', '广州', '越秀区'),
	('CHN044001005', 'CHN044001', '广东', '广州', '海珠区'),
	('CHN044001006', 'CHN044001', '广东', '广州', '天河区'),
	('CHN044001011', 'CHN044001', '广东', '广州', '白云区'),
	('CHN044001012', 'CHN044001', '广东', '广州', '黄埔区'),
	('CHN044001013', 'CHN044001', '广东', '广州', '番禺区'),
	('CHN044001014', 'CHN044001', '广东', '广州', '花都区'),
	('CHN044001015', 'CHN044001', '广东', '广州', '南沙区'),
	('CHN044001016', 'CHN044001', '广东', '广州', '萝岗区'),
	('CHN044001083', 'CHN044001', '广东', '广州', '增城市'),
	('CHN044001084', 'CHN044001', '广东', '广州', '从化市'),
	('CHN044002003', 'CHN044002', '广东', '韶关', '武江区'),
	('CHN044002004', 'CHN044002', '广东', '韶关', '浈江区'),
	('CHN044002005', 'CHN044002', '广东', '韶关', '曲江区'),
	('CHN044002022', 'CHN044002', '广东', '韶关', '始兴县'),
	('CHN044002024', 'CHN044002', '广东', '韶关', '仁化县'),
	('CHN044002029', 'CHN044002', '广东', '韶关', '翁源县'),
	('CHN044002032', 'CHN044002', '广东', '韶关', '乳源瑶族自治县'),
	('CHN044002033', 'CHN044002', '广东', '韶关', '新丰县'),
	('CHN044002081', 'CHN044002', '广东', '韶关', '乐昌市'),
	('CHN044002082', 'CHN044002', '广东', '韶关', '南雄市'),
	('CHN044003003', 'CHN044003', '广东', '深圳', '罗湖区'),
	('CHN044003004', 'CHN044003', '广东', '深圳', '福田区'),
	('CHN044003005', 'CHN044003', '广东', '深圳', '南山区'),
	('CHN044003006', 'CHN044003', '广东', '深圳', '宝安区'),
	('CHN044003007', 'CHN044003', '广东', '深圳', '龙岗区'),
	('CHN044003008', 'CHN044003', '广东', '深圳', '盐田区'),
	('CHN044004002', 'CHN044004', '广东', '珠海', '香洲区'),
	('CHN044004003', 'CHN044004', '广东', '珠海', '斗门区'),
	('CHN044004004', 'CHN044004', '广东', '珠海', '金湾区'),
	('CHN044005007', 'CHN044005', '广东', '汕头', '龙湖区'),
	('CHN044005011', 'CHN044005', '广东', '汕头', '金平区'),
	('CHN044005012', 'CHN044005', '广东', '汕头', '濠江区'),
	('CHN044005013', 'CHN044005', '广东', '汕头', '潮阳区'),
	('CHN044005014', 'CHN044005', '广东', '汕头', '潮南区'),
	('CHN044005015', 'CHN044005', '广东', '汕头', '澄海区'),
	('CHN044005023', 'CHN044005', '广东', '汕头', '南澳县'),
	('CHN044006004', 'CHN044006', '广东', '佛山', '禅城区'),
	('CHN044006005', 'CHN044006', '广东', '佛山', '南海区'),
	('CHN044006006', 'CHN044006', '广东', '佛山', '顺德区'),
	('CHN044006007', 'CHN044006', '广东', '佛山', '三水区'),
	('CHN044006008', 'CHN044006', '广东', '佛山', '高明区'),
	('CHN044007003', 'CHN044007', '广东', '江门', '蓬江区'),
	('CHN044007004', 'CHN044007', '广东', '江门', '江海区'),
	('CHN044007005', 'CHN044007', '广东', '江门', '新会区'),
	('CHN044007081', 'CHN044007', '广东', '江门', '台山市'),
	('CHN044007083', 'CHN044007', '广东', '江门', '开平市'),
	('CHN044007084', 'CHN044007', '广东', '江门', '鹤山市'),
	('CHN044007085', 'CHN044007', '广东', '江门', '恩平市'),
	('CHN044008002', 'CHN044008', '广东', '湛江', '赤坎区'),
	('CHN044008003', 'CHN044008', '广东', '湛江', '霞山区'),
	('CHN044008004', 'CHN044008', '广东', '湛江', '坡头区'),
	('CHN044008011', 'CHN044008', '广东', '湛江', '麻章区'),
	('CHN044008023', 'CHN044008', '广东', '湛江', '遂溪县'),
	('CHN044008025', 'CHN044008', '广东', '湛江', '徐闻县'),
	('CHN044008081', 'CHN044008', '广东', '湛江', '廉江市'),
	('CHN044008082', 'CHN044008', '广东', '湛江', '雷州市'),
	('CHN044008083', 'CHN044008', '广东', '湛江', '吴川市'),
	('CHN044009002', 'CHN044009', '广东', '茂名', '茂南区'),
	('CHN044009003', 'CHN044009', '广东', '茂名', '茂港区'),
	('CHN044009023', 'CHN044009', '广东', '茂名', '电白县'),
	('CHN044009081', 'CHN044009', '广东', '茂名', '高州市'),
	('CHN044009082', 'CHN044009', '广东', '茂名', '化州市'),
	('CHN044009083', 'CHN044009', '广东', '茂名', '信宜市'),
	('CHN044012002', 'CHN044012', '广东', '肇庆', '端州区'),
	('CHN044012003', 'CHN044012', '广东', '肇庆', '鼎湖区'),
	('CHN044012023', 'CHN044012', '广东', '肇庆', '广宁县'),
	('CHN044012024', 'CHN044012', '广东', '肇庆', '怀集县'),
	('CHN044012025', 'CHN044012', '广东', '肇庆', '封开县'),
	('CHN044012026', 'CHN044012', '广东', '肇庆', '德庆县'),
	('CHN044012083', 'CHN044012', '广东', '肇庆', '高要市'),
	('CHN044012084', 'CHN044012', '广东', '肇庆', '四会市'),
	('CHN044013002', 'CHN044013', '广东', '惠州', '惠城区'),
	('CHN044013003', 'CHN044013', '广东', '惠州', '惠阳区'),
	('CHN044013022', 'CHN044013', '广东', '惠州', '博罗县'),
	('CHN044013023', 'CHN044013', '广东', '惠州', '惠东县'),
	('CHN044013024', 'CHN044013', '广东', '惠州', '龙门县'),
	('CHN044014002', 'CHN044014', '广东', '梅州', '梅江区'),
	('CHN044014021', 'CHN044014', '广东', '梅州', '梅　县'),
	('CHN044014022', 'CHN044014', '广东', '梅州', '大埔县'),
	('CHN044014023', 'CHN044014', '广东', '梅州', '丰顺县'),
	('CHN044014024', 'CHN044014', '广东', '梅州', '五华县'),
	('CHN044014026', 'CHN044014', '广东', '梅州', '平远县'),
	('CHN044014027', 'CHN044014', '广东', '梅州', '蕉岭县'),
	('CHN044014081', 'CHN044014', '广东', '梅州', '兴宁市'),
	('CHN044015002', 'CHN044015', '广东', '汕尾', '城　区'),
	('CHN044015021', 'CHN044015', '广东', '汕尾', '海丰县'),
	('CHN044015023', 'CHN044015', '广东', '汕尾', '陆河县'),
	('CHN044015081', 'CHN044015', '广东', '汕尾', '陆丰市'),
	('CHN044016002', 'CHN044016', '广东', '河源', '源城区'),
	('CHN044016021', 'CHN044016', '广东', '河源', '紫金县'),
	('CHN044016022', 'CHN044016', '广东', '河源', '龙川县'),
	('CHN044016023', 'CHN044016', '广东', '河源', '连平县'),
	('CHN044016024', 'CHN044016', '广东', '河源', '和平县'),
	('CHN044016025', 'CHN044016', '广东', '河源', '东源县'),
	('CHN044017002', 'CHN044017', '广东', '阳江', '江城区'),
	('CHN044017021', 'CHN044017', '广东', '阳江', '阳西县'),
	('CHN044017023', 'CHN044017', '广东', '阳江', '阳东县'),
	('CHN044017081', 'CHN044017', '广东', '阳江', '阳春市'),
	('CHN044018002', 'CHN044018', '广东', '清远', '清城区'),
	('CHN044018021', 'CHN044018', '广东', '清远', '佛冈县'),
	('CHN044018023', 'CHN044018', '广东', '清远', '阳山县'),
	('CHN044018025', 'CHN044018', '广东', '清远', '连山壮族瑶族自治县'),
	('CHN044018026', 'CHN044018', '广东', '清远', '连南瑶族自治县'),
	('CHN044018027', 'CHN044018', '广东', '清远', '清新县'),
	('CHN044018081', 'CHN044018', '广东', '清远', '英德市'),
	('CHN044018082', 'CHN044018', '广东', '清远', '连州市'),
	('CHN044019000', 'CHN044019', '广东', '东莞', '东莞市'),
	('CHN044020000', 'CHN044020', '广东', '中山', '中山市'),
	('CHN044051002', 'CHN044051', '广东', '潮州', '湘桥区'),
	('CHN044051021', 'CHN044051', '广东', '潮州', '潮安县'),
	('CHN044051022', 'CHN044051', '广东', '潮州', '饶平县'),
	('CHN044052002', 'CHN044052', '广东', '揭阳', '榕城区'),
	('CHN044052021', 'CHN044052', '广东', '揭阳', '揭东县'),
	('CHN044052022', 'CHN044052', '广东', '揭阳', '揭西县'),
	('CHN044052024', 'CHN044052', '广东', '揭阳', '惠来县'),
	('CHN044052081', 'CHN044052', '广东', '揭阳', '普宁市'),
	('CHN044053002', 'CHN044053', '广东', '云浮', '云城区'),
	('CHN044053021', 'CHN044053', '广东', '云浮', '新兴县'),
	('CHN044053022', 'CHN044053', '广东', '云浮', '郁南县'),
	('CHN044053023', 'CHN044053', '广东', '云浮', '云安县'),
	('CHN044053081', 'CHN044053', '广东', '云浮', '罗定市'),
	('CHN045001002', 'CHN045001', '广西', '南宁', '兴宁区'),
	('CHN045001003', 'CHN045001', '广西', '南宁', '青秀区'),
	('CHN045001005', 'CHN045001', '广西', '南宁', '江南区'),
	('CHN045001007', 'CHN045001', '广西', '南宁', '西乡塘区'),
	('CHN045001008', 'CHN045001', '广西', '南宁', '良庆区'),
	('CHN045001009', 'CHN045001', '广西', '南宁', '邕宁区'),
	('CHN045001022', 'CHN045001', '广西', '南宁', '武鸣县'),
	('CHN045001023', 'CHN045001', '广西', '南宁', '隆安县'),
	('CHN045001024', 'CHN045001', '广西', '南宁', '马山县'),
	('CHN045001025', 'CHN045001', '广西', '南宁', '上林县'),
	('CHN045001026', 'CHN045001', '广西', '南宁', '宾阳县'),
	('CHN045001027', 'CHN045001', '广西', '南宁', '横　县'),
	('CHN045002002', 'CHN045002', '广西', '柳州', '城中区'),
	('CHN045002003', 'CHN045002', '广西', '柳州', '鱼峰区'),
	('CHN045002004', 'CHN045002', '广西', '柳州', '柳南区'),
	('CHN045002005', 'CHN045002', '广西', '柳州', '柳北区'),
	('CHN045002021', 'CHN045002', '广西', '柳州', '柳江县'),
	('CHN045002022', 'CHN045002', '广西', '柳州', '柳城县'),
	('CHN045002023', 'CHN045002', '广西', '柳州', '鹿寨县'),
	('CHN045002024', 'CHN045002', '广西', '柳州', '融安县'),
	('CHN045002025', 'CHN045002', '广西', '柳州', '融水苗族自治县'),
	('CHN045002026', 'CHN045002', '广西', '柳州', '三江侗族自治县'),
	('CHN045003002', 'CHN045003', '广西', '桂林', '秀峰区'),
	('CHN045003003', 'CHN045003', '广西', '桂林', '叠彩区'),
	('CHN045003004', 'CHN045003', '广西', '桂林', '象山区'),
	('CHN045003005', 'CHN045003', '广西', '桂林', '七星区'),
	('CHN045003011', 'CHN045003', '广西', '桂林', '雁山区'),
	('CHN045003021', 'CHN045003', '广西', '桂林', '阳朔县'),
	('CHN045003022', 'CHN045003', '广西', '桂林', '临桂县'),
	('CHN045003023', 'CHN045003', '广西', '桂林', '灵川县'),
	('CHN045003024', 'CHN045003', '广西', '桂林', '全州县'),
	('CHN045003025', 'CHN045003', '广西', '桂林', '兴安县'),
	('CHN045003026', 'CHN045003', '广西', '桂林', '永福县'),
	('CHN045003027', 'CHN045003', '广西', '桂林', '灌阳县'),
	('CHN045003028', 'CHN045003', '广西', '桂林', '龙胜各族自治县'),
	('CHN045003029', 'CHN045003', '广西', '桂林', '资源县'),
	('CHN045003030', 'CHN045003', '广西', '桂林', '平乐县'),
	('CHN045003031', 'CHN045003', '广西', '桂林', '荔浦县'),
	('CHN045003032', 'CHN045003', '广西', '桂林', '恭城瑶族自治县'),
	('CHN045004003', 'CHN045004', '广西', '梧州', '万秀区'),
	('CHN045004004', 'CHN045004', '广西', '梧州', '蝶山区'),
	('CHN045004005', 'CHN045004', '广西', '梧州', '长洲区'),
	('CHN045004021', 'CHN045004', '广西', '梧州', '苍梧县'),
	('CHN045004022', 'CHN045004', '广西', '梧州', '藤　县'),
	('CHN045004023', 'CHN045004', '广西', '梧州', '蒙山县'),
	('CHN045004081', 'CHN045004', '广西', '梧州', '岑溪市'),
	('CHN045005002', 'CHN045005', '广西', '北海', '海城区'),
	('CHN045005003', 'CHN045005', '广西', '北海', '银海区'),
	('CHN045005012', 'CHN045005', '广西', '北海', '铁山港区'),
	('CHN045005021', 'CHN045005', '广西', '北海', '合浦县'),
	('CHN045006002', 'CHN045006', '广西', '防城港', '港口区'),
	('CHN045006003', 'CHN045006', '广西', '防城港', '防城区'),
	('CHN045006021', 'CHN045006', '广西', '防城港', '上思县'),
	('CHN045006081', 'CHN045006', '广西', '防城港', '东兴市'),
	('CHN045007002', 'CHN045007', '广西', '钦州', '钦南区'),
	('CHN045007003', 'CHN045007', '广西', '钦州', '钦北区'),
	('CHN045007021', 'CHN045007', '广西', '钦州', '灵山县'),
	('CHN045007022', 'CHN045007', '广西', '钦州', '浦北县'),
	('CHN045008002', 'CHN045008', '广西', '贵港', '港北区'),
	('CHN045008003', 'CHN045008', '广西', '贵港', '港南区'),
	('CHN045008004', 'CHN045008', '广西', '贵港', '覃塘区'),
	('CHN045008021', 'CHN045008', '广西', '贵港', '平南县'),
	('CHN045008081', 'CHN045008', '广西', '贵港', '桂平市'),
	('CHN045009002', 'CHN045009', '广西', '玉林', '玉州区'),
	('CHN045009021', 'CHN045009', '广西', '玉林', '容　县'),
	('CHN045009022', 'CHN045009', '广西', '玉林', '陆川县'),
	('CHN045009023', 'CHN045009', '广西', '玉林', '博白县'),
	('CHN045009024', 'CHN045009', '广西', '玉林', '兴业县'),
	('CHN045009081', 'CHN045009', '广西', '玉林', '北流市'),
	('CHN045010002', 'CHN045010', '广西', '百色', '右江区'),
	('CHN045010021', 'CHN045010', '广西', '百色', '田阳县'),
	('CHN045010022', 'CHN045010', '广西', '百色', '田东县'),
	('CHN045010023', 'CHN045010', '广西', '百色', '平果县'),
	('CHN045010024', 'CHN045010', '广西', '百色', '德保县'),
	('CHN045010025', 'CHN045010', '广西', '百色', '靖西县'),
	('CHN045010026', 'CHN045010', '广西', '百色', '那坡县'),
	('CHN045010027', 'CHN045010', '广西', '百色', '凌云县'),
	('CHN045010028', 'CHN045010', '广西', '百色', '乐业县'),
	('CHN045010029', 'CHN045010', '广西', '百色', '田林县'),
	('CHN045010030', 'CHN045010', '广西', '百色', '西林县'),
	('CHN045010031', 'CHN045010', '广西', '百色', '隆林各族自治县'),
	('CHN045011002', 'CHN045011', '广西', '贺州', '八步区'),
	('CHN045011021', 'CHN045011', '广西', '贺州', '昭平县'),
	('CHN045011022', 'CHN045011', '广西', '贺州', '钟山县'),
	('CHN045011023', 'CHN045011', '广西', '贺州', '富川瑶族自治县'),
	('CHN045012002', 'CHN045012', '广西', '河池', '金城江区'),
	('CHN045012021', 'CHN045012', '广西', '河池', '南丹县'),
	('CHN045012022', 'CHN045012', '广西', '河池', '天峨县'),
	('CHN045012023', 'CHN045012', '广西', '河池', '凤山县'),
	('CHN045012024', 'CHN045012', '广西', '河池', '东兰县'),
	('CHN045012025', 'CHN045012', '广西', '河池', '罗城仫佬族自治县'),
	('CHN045012026', 'CHN045012', '广西', '河池', '环江毛南族自治县'),
	('CHN045012027', 'CHN045012', '广西', '河池', '巴马瑶族自治县'),
	('CHN045012028', 'CHN045012', '广西', '河池', '都安瑶族自治县'),
	('CHN045012029', 'CHN045012', '广西', '河池', '大化瑶族自治县'),
	('CHN045012081', 'CHN045012', '广西', '河池', '宜州市'),
	('CHN045013002', 'CHN045013', '广西', '来宾', '兴宾区'),
	('CHN045013021', 'CHN045013', '广西', '来宾', '忻城县'),
	('CHN045013022', 'CHN045013', '广西', '来宾', '象州县'),
	('CHN045013023', 'CHN045013', '广西', '来宾', '武宣县'),
	('CHN045013024', 'CHN045013', '广西', '来宾', '金秀瑶族自治县'),
	('CHN045013081', 'CHN045013', '广西', '来宾', '合山市'),
	('CHN045014002', 'CHN045014', '广西', '崇左', '江洲区'),
	('CHN045014021', 'CHN045014', '广西', '崇左', '扶绥县'),
	('CHN045014022', 'CHN045014', '广西', '崇左', '宁明县'),
	('CHN045014023', 'CHN045014', '广西', '崇左', '龙州县'),
	('CHN045014024', 'CHN045014', '广西', '崇左', '大新县'),
	('CHN045014025', 'CHN045014', '广西', '崇左', '天等县'),
	('CHN045014081', 'CHN045014', '广西', '崇左', '凭祥市'),
	('CHN046001005', 'CHN046001', '海南', '海口', '秀英区'),
	('CHN046001006', 'CHN046001', '海南', '海口', '龙华区'),
	('CHN046001007', 'CHN046001', '海南', '海口', '琼山区'),
	('CHN046001008', 'CHN046001', '海南', '海口', '美兰区'),
	('CHN051001004', 'CHN051001', '四川', '成都', '锦江区'),
	('CHN051001005', 'CHN051001', '四川', '成都', '青羊区'),
	('CHN051001006', 'CHN051001', '四川', '成都', '金牛区'),
	('CHN051001007', 'CHN051001', '四川', '成都', '武侯区'),
	('CHN051001008', 'CHN051001', '四川', '成都', '成华区'),
	('CHN051001012', 'CHN051001', '四川', '成都', '龙泉驿区'),
	('CHN051001013', 'CHN051001', '四川', '成都', '青白江区'),
	('CHN051001014', 'CHN051001', '四川', '成都', '新都区'),
	('CHN051001015', 'CHN051001', '四川', '成都', '温江区'),
	('CHN051001021', 'CHN051001', '四川', '成都', '金堂县'),
	('CHN051001022', 'CHN051001', '四川', '成都', '双流县'),
	('CHN051001024', 'CHN051001', '四川', '成都', '郫　县'),
	('CHN051001029', 'CHN051001', '四川', '成都', '大邑县'),
	('CHN051001031', 'CHN051001', '四川', '成都', '蒲江县'),
	('CHN051001032', 'CHN051001', '四川', '成都', '新津县'),
	('CHN051001081', 'CHN051001', '四川', '成都', '都江堰市'),
	('CHN051001082', 'CHN051001', '四川', '成都', '彭州市'),
	('CHN051001083', 'CHN051001', '四川', '成都', '邛崃市'),
	('CHN051001084', 'CHN051001', '四川', '成都', '崇州市'),
	('CHN051003002', 'CHN051003', '四川', '自贡', '自流井区'),
	('CHN051003003', 'CHN051003', '四川', '自贡', '贡井区'),
	('CHN051003004', 'CHN051003', '四川', '自贡', '大安区'),
	('CHN051003011', 'CHN051003', '四川', '自贡', '沿滩区'),
	('CHN051003021', 'CHN051003', '四川', '自贡', '荣　县'),
	('CHN051003022', 'CHN051003', '四川', '自贡', '富顺县'),
	('CHN051004002', 'CHN051004', '四川', '攀枝花', '东　区'),
	('CHN051004003', 'CHN051004', '四川', '攀枝花', '西　区'),
	('CHN051004011', 'CHN051004', '四川', '攀枝花', '仁和区'),
	('CHN051004021', 'CHN051004', '四川', '攀枝花', '米易县'),
	('CHN051004022', 'CHN051004', '四川', '攀枝花', '盐边县'),
	('CHN051005002', 'CHN051005', '四川', '泸州', '江阳区'),
	('CHN051005003', 'CHN051005', '四川', '泸州', '纳溪区'),
	('CHN051005004', 'CHN051005', '四川', '泸州', '龙马潭区'),
	('CHN051005021', 'CHN051005', '四川', '泸州', '泸　县'),
	('CHN051005022', 'CHN051005', '四川', '泸州', '合江县'),
	('CHN051005024', 'CHN051005', '四川', '泸州', '叙永县'),
	('CHN051005025', 'CHN051005', '四川', '泸州', '古蔺县'),
	('CHN051006003', 'CHN051006', '四川', '德阳', '旌阳区'),
	('CHN051006023', 'CHN051006', '四川', '德阳', '中江县'),
	('CHN051006026', 'CHN051006', '四川', '德阳', '罗江县'),
	('CHN051006081', 'CHN051006', '四川', '德阳', '广汉市'),
	('CHN051006082', 'CHN051006', '四川', '德阳', '什邡市'),
	('CHN051006083', 'CHN051006', '四川', '德阳', '绵竹市'),
	('CHN051007003', 'CHN051007', '四川', '绵阳', '涪城区'),
	('CHN051007004', 'CHN051007', '四川', '绵阳', '游仙区'),
	('CHN051007022', 'CHN051007', '四川', '绵阳', '三台县'),
	('CHN051007023', 'CHN051007', '四川', '绵阳', '盐亭县'),
	('CHN051007024', 'CHN051007', '四川', '绵阳', '安　县'),
	('CHN051007025', 'CHN051007', '四川', '绵阳', '梓潼县'),
	('CHN051007026', 'CHN051007', '四川', '绵阳', '北川羌族自治县'),
	('CHN051007027', 'CHN051007', '四川', '绵阳', '平武县'),
	('CHN051007081', 'CHN051007', '四川', '绵阳', '江油市'),
	('CHN051008002', 'CHN051008', '四川', '广元', '市中区'),
	('CHN051008011', 'CHN051008', '四川', '广元', '元坝区'),
	('CHN051008012', 'CHN051008', '四川', '广元', '朝天区'),
	('CHN051008021', 'CHN051008', '四川', '广元', '旺苍县'),
	('CHN051008022', 'CHN051008', '四川', '广元', '青川县'),
	('CHN051008023', 'CHN051008', '四川', '广元', '剑阁县'),
	('CHN051008024', 'CHN051008', '四川', '广元', '苍溪县'),
	('CHN051009003', 'CHN051009', '四川', '遂宁', '船山区'),
	('CHN051009004', 'CHN051009', '四川', '遂宁', '安居区'),
	('CHN051009021', 'CHN051009', '四川', '遂宁', '蓬溪县'),
	('CHN051009022', 'CHN051009', '四川', '遂宁', '射洪县'),
	('CHN051009023', 'CHN051009', '四川', '遂宁', '大英县'),
	('CHN051010002', 'CHN051010', '四川', '内江', '市中区'),
	('CHN051010011', 'CHN051010', '四川', '内江', '东兴区'),
	('CHN051010024', 'CHN051010', '四川', '内江', '威远县'),
	('CHN051010025', 'CHN051010', '四川', '内江', '资中县'),
	('CHN051010028', 'CHN051010', '四川', '内江', '隆昌县'),
	('CHN051011002', 'CHN051011', '四川', '乐山', '市中区'),
	('CHN051011011', 'CHN051011', '四川', '乐山', '沙湾区'),
	('CHN051011012', 'CHN051011', '四川', '乐山', '五通桥区'),
	('CHN051011013', 'CHN051011', '四川', '乐山', '金口河区'),
	('CHN051011023', 'CHN051011', '四川', '乐山', '犍为县'),
	('CHN051011024', 'CHN051011', '四川', '乐山', '井研县'),
	('CHN051011026', 'CHN051011', '四川', '乐山', '夹江县'),
	('CHN051011029', 'CHN051011', '四川', '乐山', '沐川县'),
	('CHN051011032', 'CHN051011', '四川', '乐山', '峨边彝族自治县'),
	('CHN051011033', 'CHN051011', '四川', '乐山', '马边彝族自治县'),
	('CHN051011081', 'CHN051011', '四川', '乐山', '峨眉山市'),
	('CHN051013002', 'CHN051013', '四川', '南充', '顺庆区'),
	('CHN051013003', 'CHN051013', '四川', '南充', '高坪区'),
	('CHN051013004', 'CHN051013', '四川', '南充', '嘉陵区'),
	('CHN051013021', 'CHN051013', '四川', '南充', '南部县'),
	('CHN051013022', 'CHN051013', '四川', '南充', '营山县'),
	('CHN051013023', 'CHN051013', '四川', '南充', '蓬安县'),
	('CHN051013024', 'CHN051013', '四川', '南充', '仪陇县'),
	('CHN051013025', 'CHN051013', '四川', '南充', '西充县'),
	('CHN051013081', 'CHN051013', '四川', '南充', '阆中市'),
	('CHN051014002', 'CHN051014', '四川', '眉山', '东坡区'),
	('CHN051014021', 'CHN051014', '四川', '眉山', '仁寿县'),
	('CHN051014022', 'CHN051014', '四川', '眉山', '彭山县'),
	('CHN051014023', 'CHN051014', '四川', '眉山', '洪雅县'),
	('CHN051014024', 'CHN051014', '四川', '眉山', '丹棱县'),
	('CHN051014025', 'CHN051014', '四川', '眉山', '青神县'),
	('CHN051015002', 'CHN051015', '四川', '宜宾', '翠屏区'),
	('CHN051015021', 'CHN051015', '四川', '宜宾', '宜宾县'),
	('CHN051015022', 'CHN051015', '四川', '宜宾', '南溪县'),
	('CHN051015023', 'CHN051015', '四川', '宜宾', '江安县'),
	('CHN051015024', 'CHN051015', '四川', '宜宾', '长宁县'),
	('CHN051015025', 'CHN051015', '四川', '宜宾', '高　县'),
	('CHN051015026', 'CHN051015', '四川', '宜宾', '珙　县'),
	('CHN051015027', 'CHN051015', '四川', '宜宾', '筠连县'),
	('CHN051015028', 'CHN051015', '四川', '宜宾', '兴文县'),
	('CHN051015029', 'CHN051015', '四川', '宜宾', '屏山县'),
	('CHN051016002', 'CHN051016', '四川', '广安', '广安区'),
	('CHN051016021', 'CHN051016', '四川', '广安', '岳池县'),
	('CHN051016022', 'CHN051016', '四川', '广安', '武胜县'),
	('CHN051016023', 'CHN051016', '四川', '广安', '邻水县'),
	('CHN051016081', 'CHN051016', '四川', '广安', '华蓥市'),
	('CHN051017002', 'CHN051017', '四川', '达州', '通川区'),
	('CHN051017021', 'CHN051017', '四川', '达州', '达　县'),
	('CHN051017022', 'CHN051017', '四川', '达州', '宣汉县'),
	('CHN051017023', 'CHN051017', '四川', '达州', '开江县'),
	('CHN051017024', 'CHN051017', '四川', '达州', '大竹县'),
	('CHN051017025', 'CHN051017', '四川', '达州', '渠　县'),
	('CHN051017081', 'CHN051017', '四川', '达州', '万源市'),
	('CHN051018002', 'CHN051018', '四川', '雅安', '雨城区'),
	('CHN051018021', 'CHN051018', '四川', '雅安', '名山县'),
	('CHN051018022', 'CHN051018', '四川', '雅安', '荥经县'),
	('CHN051018023', 'CHN051018', '四川', '雅安', '汉源县'),
	('CHN051018024', 'CHN051018', '四川', '雅安', '石棉县'),
	('CHN051018025', 'CHN051018', '四川', '雅安', '天全县'),
	('CHN051018026', 'CHN051018', '四川', '雅安', '芦山县'),
	('CHN051018027', 'CHN051018', '四川', '雅安', '宝兴县'),
	('CHN051019002', 'CHN051019', '四川', '巴中', '巴州区'),
	('CHN051019021', 'CHN051019', '四川', '巴中', '通江县'),
	('CHN051019022', 'CHN051019', '四川', '巴中', '南江县'),
	('CHN051019023', 'CHN051019', '四川', '巴中', '平昌县'),
	('CHN051020002', 'CHN051020', '四川', '资阳', '雁江区'),
	('CHN051020021', 'CHN051020', '四川', '资阳', '安岳县'),
	('CHN051020022', 'CHN051020', '四川', '资阳', '乐至县'),
	('CHN051020081', 'CHN051020', '四川', '资阳', '简阳市'),
	('CHN051032021', 'CHN051032', '四川', '阿坝', '汶川县'),
	('CHN051032022', 'CHN051032', '四川', '阿坝', '理　县'),
	('CHN051032023', 'CHN051032', '四川', '阿坝', '茂　县'),
	('CHN051032024', 'CHN051032', '四川', '阿坝', '松潘县'),
	('CHN051032025', 'CHN051032', '四川', '阿坝', '九寨沟县'),
	('CHN051032026', 'CHN051032', '四川', '阿坝', '金川县'),
	('CHN051032027', 'CHN051032', '四川', '阿坝', '小金县'),
	('CHN051032028', 'CHN051032', '四川', '阿坝', '黑水县'),
	('CHN051032029', 'CHN051032', '四川', '阿坝', '马尔康县'),
	('CHN051032030', 'CHN051032', '四川', '阿坝', '壤塘县'),
	('CHN051032031', 'CHN051032', '四川', '阿坝', '阿坝县'),
	('CHN051032032', 'CHN051032', '四川', '阿坝', '若尔盖县'),
	('CHN051032033', 'CHN051032', '四川', '阿坝', '红原县'),
	('CHN051033021', 'CHN051033', '四川', '甘孜', '康定县'),
	('CHN051033022', 'CHN051033', '四川', '甘孜', '泸定县'),
	('CHN051033023', 'CHN051033', '四川', '甘孜', '丹巴县'),
	('CHN051033024', 'CHN051033', '四川', '甘孜', '九龙县'),
	('CHN051033025', 'CHN051033', '四川', '甘孜', '雅江县'),
	('CHN051033026', 'CHN051033', '四川', '甘孜', '道孚县'),
	('CHN051033027', 'CHN051033', '四川', '甘孜', '炉霍县'),
	('CHN051033028', 'CHN051033', '四川', '甘孜', '甘孜县'),
	('CHN051033029', 'CHN051033', '四川', '甘孜', '新龙县'),
	('CHN051033030', 'CHN051033', '四川', '甘孜', '德格县'),
	('CHN051033031', 'CHN051033', '四川', '甘孜', '白玉县'),
	('CHN051033032', 'CHN051033', '四川', '甘孜', '石渠县'),
	('CHN051033033', 'CHN051033', '四川', '甘孜', '色达县'),
	('CHN051033034', 'CHN051033', '四川', '甘孜', '理塘县'),
	('CHN051033035', 'CHN051033', '四川', '甘孜', '巴塘县'),
	('CHN051033036', 'CHN051033', '四川', '甘孜', '乡城县'),
	('CHN051033037', 'CHN051033', '四川', '甘孜', '稻城县'),
	('CHN051033038', 'CHN051033', '四川', '甘孜', '得荣县'),
	('CHN051034001', 'CHN051034', '四川', '凉山', '西昌市'),
	('CHN051034022', 'CHN051034', '四川', '凉山', '木里藏族自治县'),
	('CHN051034023', 'CHN051034', '四川', '凉山', '盐源县'),
	('CHN051034024', 'CHN051034', '四川', '凉山', '德昌县'),
	('CHN051034025', 'CHN051034', '四川', '凉山', '会理县'),
	('CHN051034026', 'CHN051034', '四川', '凉山', '会东县'),
	('CHN051034027', 'CHN051034', '四川', '凉山', '宁南县'),
	('CHN051034028', 'CHN051034', '四川', '凉山', '普格县'),
	('CHN051034029', 'CHN051034', '四川', '凉山', '布拖县'),
	('CHN051034030', 'CHN051034', '四川', '凉山', '金阳县'),
	('CHN051034031', 'CHN051034', '四川', '凉山', '昭觉县'),
	('CHN051034032', 'CHN051034', '四川', '凉山', '喜德县'),
	('CHN051034033', 'CHN051034', '四川', '凉山', '冕宁县'),
	('CHN051034034', 'CHN051034', '四川', '凉山', '越西县'),
	('CHN051034035', 'CHN051034', '四川', '凉山', '甘洛县'),
	('CHN051034036', 'CHN051034', '四川', '凉山', '美姑县'),
	('CHN051034037', 'CHN051034', '四川', '凉山', '雷波县'),
	('CHN052001002', 'CHN052001', '贵州', '贵阳', '南明区'),
	('CHN052001003', 'CHN052001', '贵州', '贵阳', '云岩区'),
	('CHN052001011', 'CHN052001', '贵州', '贵阳', '花溪区'),
	('CHN052001012', 'CHN052001', '贵州', '贵阳', '乌当区'),
	('CHN052001013', 'CHN052001', '贵州', '贵阳', '白云区'),
	('CHN052001014', 'CHN052001', '贵州', '贵阳', '小河区'),
	('CHN052001021', 'CHN052001', '贵州', '贵阳', '开阳县'),
	('CHN052001022', 'CHN052001', '贵州', '贵阳', '息烽县'),
	('CHN052001023', 'CHN052001', '贵州', '贵阳', '修文县'),
	('CHN052001081', 'CHN052001', '贵州', '贵阳', '清镇市'),
	('CHN052002001', 'CHN052002', '贵州', '六盘水', '钟山区'),
	('CHN052002003', 'CHN052002', '贵州', '六盘水', '六枝特区'),
	('CHN052002021', 'CHN052002', '贵州', '六盘水', '水城县'),
	('CHN052002022', 'CHN052002', '贵州', '六盘水', '盘　县'),
	('CHN052003002', 'CHN052003', '贵州', '遵义', '红花岗区'),
	('CHN052003003', 'CHN052003', '贵州', '遵义', '汇川区'),
	('CHN052003021', 'CHN052003', '贵州', '遵义', '遵义县'),
	('CHN052003022', 'CHN052003', '贵州', '遵义', '桐梓县'),
	('CHN052003023', 'CHN052003', '贵州', '遵义', '绥阳县'),
	('CHN052003024', 'CHN052003', '贵州', '遵义', '正安县'),
	('CHN052003025', 'CHN052003', '贵州', '遵义', '道真仡佬族苗族自治县'),
	('CHN052003026', 'CHN052003', '贵州', '遵义', '务川仡佬族苗族自治县'),
	('CHN052003027', 'CHN052003', '贵州', '遵义', '凤冈县'),
	('CHN052003028', 'CHN052003', '贵州', '遵义', '湄潭县'),
	('CHN052003029', 'CHN052003', '贵州', '遵义', '余庆县'),
	('CHN052003030', 'CHN052003', '贵州', '遵义', '习水县'),
	('CHN052003081', 'CHN052003', '贵州', '遵义', '赤水市'),
	('CHN052003082', 'CHN052003', '贵州', '遵义', '仁怀市'),
	('CHN052004002', 'CHN052004', '贵州', '安顺', '西秀区'),
	('CHN052004021', 'CHN052004', '贵州', '安顺', '平坝县'),
	('CHN052004022', 'CHN052004', '贵州', '安顺', '普定县'),
	('CHN052004023', 'CHN052004', '贵州', '安顺', '镇宁布依族苗族自治县'),
	('CHN052004024', 'CHN052004', '贵州', '安顺', '关岭布依族苗族自治县'),
	('CHN052004025', 'CHN052004', '贵州', '安顺', '紫云苗族布依族自治县'),
	('CHN052022001', 'CHN052022', '贵州', '铜仁', '铜仁市'),
	('CHN052022022', 'CHN052022', '贵州', '铜仁', '江口县'),
	('CHN052022023', 'CHN052022', '贵州', '铜仁', '玉屏侗族自治县'),
	('CHN052022024', 'CHN052022', '贵州', '铜仁', '石阡县'),
	('CHN052022025', 'CHN052022', '贵州', '铜仁', '思南县'),
	('CHN052022026', 'CHN052022', '贵州', '铜仁', '印江土家族苗族自治县'),
	('CHN052022027', 'CHN052022', '贵州', '铜仁', '德江县'),
	('CHN052022028', 'CHN052022', '贵州', '铜仁', '沿河土家族自治县'),
	('CHN052022029', 'CHN052022', '贵州', '铜仁', '松桃苗族自治县'),
	('CHN052022030', 'CHN052022', '贵州', '铜仁', '万山特区'),
	('CHN052023001', 'CHN052023', '贵州', '黔西南', '兴义市'),
	('CHN052023022', 'CHN052023', '贵州', '黔西南', '兴仁县'),
	('CHN052023023', 'CHN052023', '贵州', '黔西南', '普安县'),
	('CHN052023024', 'CHN052023', '贵州', '黔西南', '晴隆县'),
	('CHN052023025', 'CHN052023', '贵州', '黔西南', '贞丰县'),
	('CHN052023026', 'CHN052023', '贵州', '黔西南', '望谟县'),
	('CHN052023027', 'CHN052023', '贵州', '黔西南', '册亨县'),
	('CHN052023028', 'CHN052023', '贵州', '黔西南', '安龙县'),
	('CHN052024001', 'CHN052024', '贵州', '毕节', '毕节市'),
	('CHN052024022', 'CHN052024', '贵州', '毕节', '大方县'),
	('CHN052024023', 'CHN052024', '贵州', '毕节', '黔西县'),
	('CHN052024024', 'CHN052024', '贵州', '毕节', '金沙县'),
	('CHN052024025', 'CHN052024', '贵州', '毕节', '织金县'),
	('CHN052024026', 'CHN052024', '贵州', '毕节', '纳雍县'),
	('CHN052024027', 'CHN052024', '贵州', '毕节', '威宁彝族回族苗族自治县'),
	('CHN052024028', 'CHN052024', '贵州', '毕节', '赫章县'),
	('CHN052026001', 'CHN052026', '贵州', '黔东南', '凯里市'),
	('CHN052026022', 'CHN052026', '贵州', '黔东南', '黄平县'),
	('CHN052026023', 'CHN052026', '贵州', '黔东南', '施秉县'),
	('CHN052026024', 'CHN052026', '贵州', '黔东南', '三穗县'),
	('CHN052026025', 'CHN052026', '贵州', '黔东南', '镇远县'),
	('CHN052026026', 'CHN052026', '贵州', '黔东南', '岑巩县'),
	('CHN052026027', 'CHN052026', '贵州', '黔东南', '天柱县'),
	('CHN052026028', 'CHN052026', '贵州', '黔东南', '锦屏县'),
	('CHN052026029', 'CHN052026', '贵州', '黔东南', '剑河县'),
	('CHN052026030', 'CHN052026', '贵州', '黔东南', '台江县'),
	('CHN052026031', 'CHN052026', '贵州', '黔东南', '黎平县'),
	('CHN052026032', 'CHN052026', '贵州', '黔东南', '榕江县'),
	('CHN052026033', 'CHN052026', '贵州', '黔东南', '从江县'),
	('CHN052026034', 'CHN052026', '贵州', '黔东南', '雷山县'),
	('CHN052026035', 'CHN052026', '贵州', '黔东南', '麻江县'),
	('CHN052026036', 'CHN052026', '贵州', '黔东南', '丹寨县'),
	('CHN052027001', 'CHN052027', '贵州', '黔南', '都匀市'),
	('CHN052027002', 'CHN052027', '贵州', '黔南', '福泉市'),
	('CHN052027022', 'CHN052027', '贵州', '黔南', '荔波县'),
	('CHN052027023', 'CHN052027', '贵州', '黔南', '贵定县'),
	('CHN052027025', 'CHN052027', '贵州', '黔南', '瓮安县'),
	('CHN052027026', 'CHN052027', '贵州', '黔南', '独山县'),
	('CHN052027027', 'CHN052027', '贵州', '黔南', '平塘县'),
	('CHN052027028', 'CHN052027', '贵州', '黔南', '罗甸县'),
	('CHN052027029', 'CHN052027', '贵州', '黔南', '长顺县'),
	('CHN052027030', 'CHN052027', '贵州', '黔南', '龙里县'),
	('CHN052027031', 'CHN052027', '贵州', '黔南', '惠水县'),
	('CHN052027032', 'CHN052027', '贵州', '黔南', '三都水族自治县'),
	('CHN053001002', 'CHN053001', '云南', '昆明', '五华区'),
	('CHN053001003', 'CHN053001', '云南', '昆明', '盘龙区'),
	('CHN053001011', 'CHN053001', '云南', '昆明', '官渡区'),
	('CHN053001012', 'CHN053001', '云南', '昆明', '西山区'),
	('CHN053001013', 'CHN053001', '云南', '昆明', '东川区'),
	('CHN053001021', 'CHN053001', '云南', '昆明', '呈贡县'),
	('CHN053001022', 'CHN053001', '云南', '昆明', '晋宁县'),
	('CHN053001024', 'CHN053001', '云南', '昆明', '富民县'),
	('CHN053001025', 'CHN053001', '云南', '昆明', '宜良县'),
	('CHN053001026', 'CHN053001', '云南', '昆明', '石林彝族自治县'),
	('CHN053001027', 'CHN053001', '云南', '昆明', '嵩明县'),
	('CHN053001028', 'CHN053001', '云南', '昆明', '禄劝彝族苗族自治县'),
	('CHN053001029', 'CHN053001', '云南', '昆明', '寻甸回族彝族自治县'),
	('CHN053001081', 'CHN053001', '云南', '昆明', '安宁市'),
	('CHN053003002', 'CHN053003', '云南', '曲靖', '麒麟区'),
	('CHN053003021', 'CHN053003', '云南', '曲靖', '马龙县'),
	('CHN053003022', 'CHN053003', '云南', '曲靖', '陆良县'),
	('CHN053003023', 'CHN053003', '云南', '曲靖', '师宗县'),
	('CHN053003024', 'CHN053003', '云南', '曲靖', '罗平县'),
	('CHN053003025', 'CHN053003', '云南', '曲靖', '富源县'),
	('CHN053003026', 'CHN053003', '云南', '曲靖', '会泽县'),
	('CHN053003028', 'CHN053003', '云南', '曲靖', '沾益县'),
	('CHN053003081', 'CHN053003', '云南', '曲靖', '宣威市'),
	('CHN053004002', 'CHN053004', '云南', '玉溪', '红塔区'),
	('CHN053004021', 'CHN053004', '云南', '玉溪', '江川县'),
	('CHN053004022', 'CHN053004', '云南', '玉溪', '澄江县'),
	('CHN053004023', 'CHN053004', '云南', '玉溪', '通海县'),
	('CHN053004024', 'CHN053004', '云南', '玉溪', '华宁县'),
	('CHN053004025', 'CHN053004', '云南', '玉溪', '易门县'),
	('CHN053004026', 'CHN053004', '云南', '玉溪', '峨山彝族自治县'),
	('CHN053004027', 'CHN053004', '云南', '玉溪', '新平彝族傣族自治县'),
	('CHN053004028', 'CHN053004', '云南', '玉溪', '元江哈尼族彝族傣族自治县'),
	('CHN053005002', 'CHN053005', '云南', '保山', '隆阳区'),
	('CHN053005021', 'CHN053005', '云南', '保山', '施甸县'),
	('CHN053005022', 'CHN053005', '云南', '保山', '腾冲县'),
	('CHN053005023', 'CHN053005', '云南', '保山', '龙陵县'),
	('CHN053005024', 'CHN053005', '云南', '保山', '昌宁县'),
	('CHN053006002', 'CHN053006', '云南', '昭通', '昭阳区'),
	('CHN053006021', 'CHN053006', '云南', '昭通', '鲁甸县'),
	('CHN053006022', 'CHN053006', '云南', '昭通', '巧家县'),
	('CHN053006023', 'CHN053006', '云南', '昭通', '盐津县'),
	('CHN053006024', 'CHN053006', '云南', '昭通', '大关县'),
	('CHN053006025', 'CHN053006', '云南', '昭通', '永善县'),
	('CHN053006026', 'CHN053006', '云南', '昭通', '绥江县'),
	('CHN053006027', 'CHN053006', '云南', '昭通', '镇雄县'),
	('CHN053006028', 'CHN053006', '云南', '昭通', '彝良县'),
	('CHN053006029', 'CHN053006', '云南', '昭通', '威信县'),
	('CHN053006030', 'CHN053006', '云南', '昭通', '水富县'),
	('CHN053007002', 'CHN053007', '云南', '丽江', '古城区'),
	('CHN053007021', 'CHN053007', '云南', '丽江', '玉龙纳西族自治县'),
	('CHN053007022', 'CHN053007', '云南', '丽江', '永胜县'),
	('CHN053007023', 'CHN053007', '云南', '丽江', '华坪县'),
	('CHN053007024', 'CHN053007', '云南', '丽江', '宁蒗彝族自治县'),
	('CHN053008002', 'CHN053008', '云南', '普洱', '思茅区'),
	('CHN053008021', 'CHN053008', '云南', '普洱', '宁洱哈尼族彝族自治县'),
	('CHN053008022', 'CHN053008', '云南', '普洱', '墨江哈尼族自治县'),
	('CHN053008023', 'CHN053008', '云南', '普洱', '景东彝族自治县'),
	('CHN053008024', 'CHN053008', '云南', '普洱', '景谷傣族彝族自治县'),
	('CHN053008025', 'CHN053008', '云南', '普洱', '镇沅彝族哈尼族拉祜族自治县'),
	('CHN053008026', 'CHN053008', '云南', '普洱', '江城哈尼族彝族自治县'),
	('CHN053008027', 'CHN053008', '云南', '普洱', '孟连傣族拉祜族佤族自治县'),
	('CHN053008028', 'CHN053008', '云南', '普洱', '澜沧拉祜族自治县'),
	('CHN053008029', 'CHN053008', '云南', '普洱', '西盟佤族自治县'),
	('CHN053009002', 'CHN053009', '云南', '临沧', '临翔区'),
	('CHN053009021', 'CHN053009', '云南', '临沧', '凤庆县'),
	('CHN053009022', 'CHN053009', '云南', '临沧', '云　县'),
	('CHN053009023', 'CHN053009', '云南', '临沧', '永德县'),
	('CHN053009024', 'CHN053009', '云南', '临沧', '镇康县'),
	('CHN053009025', 'CHN053009', '云南', '临沧', '双江拉祜族佤族布朗族傣族自治县'),
	('CHN053009026', 'CHN053009', '云南', '临沧', '耿马傣族佤族自治县'),
	('CHN053009027', 'CHN053009', '云南', '临沧', '沧源佤族自治县'),
	('CHN053023001', 'CHN053023', '云南', '楚雄', '楚雄市'),
	('CHN053023022', 'CHN053023', '云南', '楚雄', '双柏县'),
	('CHN053023023', 'CHN053023', '云南', '楚雄', '牟定县'),
	('CHN053023024', 'CHN053023', '云南', '楚雄', '南华县'),
	('CHN053023025', 'CHN053023', '云南', '楚雄', '姚安县'),
	('CHN053023026', 'CHN053023', '云南', '楚雄', '大姚县'),
	('CHN053023027', 'CHN053023', '云南', '楚雄', '永仁县'),
	('CHN053023028', 'CHN053023', '云南', '楚雄', '元谋县'),
	('CHN053023029', 'CHN053023', '云南', '楚雄', '武定县'),
	('CHN053023031', 'CHN053023', '云南', '楚雄', '禄丰县'),
	('CHN053025001', 'CHN053025', '云南', '红河', '个旧市'),
	('CHN053025002', 'CHN053025', '云南', '红河', '开远市'),
	('CHN053025022', 'CHN053025', '云南', '红河', '蒙自县'),
	('CHN053025023', 'CHN053025', '云南', '红河', '屏边苗族自治县'),
	('CHN053025024', 'CHN053025', '云南', '红河', '建水县'),
	('CHN053025025', 'CHN053025', '云南', '红河', '石屏县'),
	('CHN053025026', 'CHN053025', '云南', '红河', '弥勒县'),
	('CHN053025027', 'CHN053025', '云南', '红河', '泸西县'),
	('CHN053025028', 'CHN053025', '云南', '红河', '元阳县'),
	('CHN053025029', 'CHN053025', '云南', '红河', '红河县'),
	('CHN053025030', 'CHN053025', '云南', '红河', '金平苗族瑶族傣族自治县'),
	('CHN053025031', 'CHN053025', '云南', '红河', '绿春县'),
	('CHN053025032', 'CHN053025', '云南', '红河', '河口瑶族自治县'),
	('CHN053026021', 'CHN053026', '云南', '文山', '文山县'),
	('CHN053026022', 'CHN053026', '云南', '文山', '砚山县'),
	('CHN053026023', 'CHN053026', '云南', '文山', '西畴县'),
	('CHN053026024', 'CHN053026', '云南', '文山', '麻栗坡县'),
	('CHN053026025', 'CHN053026', '云南', '文山', '马关县'),
	('CHN053026026', 'CHN053026', '云南', '文山', '丘北县'),
	('CHN053026027', 'CHN053026', '云南', '文山', '广南县'),
	('CHN053026028', 'CHN053026', '云南', '文山', '富宁县'),
	('CHN053028001', 'CHN053028', '云南', '西双版纳', '景洪市'),
	('CHN053028022', 'CHN053028', '云南', '西双版纳', '勐海县'),
	('CHN053028023', 'CHN053028', '云南', '西双版纳', '勐腊县'),
	('CHN053029001', 'CHN053029', '云南', '大理', '大理市'),
	('CHN053029022', 'CHN053029', '云南', '大理', '漾濞彝族自治县'),
	('CHN053029023', 'CHN053029', '云南', '大理', '祥云县'),
	('CHN053029024', 'CHN053029', '云南', '大理', '宾川县'),
	('CHN053029025', 'CHN053029', '云南', '大理', '弥渡县'),
	('CHN053029026', 'CHN053029', '云南', '大理', '南涧彝族自治县'),
	('CHN053029027', 'CHN053029', '云南', '大理', '巍山彝族回族自治县'),
	('CHN053029028', 'CHN053029', '云南', '大理', '永平县'),
	('CHN053029029', 'CHN053029', '云南', '大理', '云龙县'),
	('CHN053029030', 'CHN053029', '云南', '大理', '洱源县'),
	('CHN053029031', 'CHN053029', '云南', '大理', '剑川县'),
	('CHN053029032', 'CHN053029', '云南', '大理', '鹤庆县'),
	('CHN053031002', 'CHN053031', '云南', '德宏', '瑞丽市'),
	('CHN053031003', 'CHN053031', '云南', '德宏', '潞西市'),
	('CHN053031022', 'CHN053031', '云南', '德宏', '梁河县'),
	('CHN053031023', 'CHN053031', '云南', '德宏', '盈江县'),
	('CHN053031024', 'CHN053031', '云南', '德宏', '陇川县'),
	('CHN053033021', 'CHN053033', '云南', '怒江', '泸水县'),
	('CHN053033023', 'CHN053033', '云南', '怒江', '福贡县'),
	('CHN053033024', 'CHN053033', '云南', '怒江', '贡山独龙族怒族自治县'),
	('CHN053033025', 'CHN053033', '云南', '怒江', '兰坪白族普米族自治县'),
	('CHN053034021', 'CHN053034', '云南', '迪庆', '香格里拉县'),
	('CHN053034022', 'CHN053034', '云南', '迪庆', '德钦县'),
	('CHN053034023', 'CHN053034', '云南', '迪庆', '维西傈僳族自治县'),
	('CHN054001002', 'CHN054001', '西藏', '拉萨', '城关区'),
	('CHN054001021', 'CHN054001', '西藏', '拉萨', '林周县'),
	('CHN054001022', 'CHN054001', '西藏', '拉萨', '当雄县'),
	('CHN054001023', 'CHN054001', '西藏', '拉萨', '尼木县'),
	('CHN054001024', 'CHN054001', '西藏', '拉萨', '曲水县'),
	('CHN054001025', 'CHN054001', '西藏', '拉萨', '堆龙德庆县'),
	('CHN054001026', 'CHN054001', '西藏', '拉萨', '达孜县'),
	('CHN054001027', 'CHN054001', '西藏', '拉萨', '墨竹工卡县'),
	('CHN054021021', 'CHN054021', '西藏', '昌都', '昌都县'),
	('CHN054021022', 'CHN054021', '西藏', '昌都', '江达县'),
	('CHN054021023', 'CHN054021', '西藏', '昌都', '贡觉县'),
	('CHN054021024', 'CHN054021', '西藏', '昌都', '类乌齐县'),
	('CHN054021025', 'CHN054021', '西藏', '昌都', '丁青县'),
	('CHN054021026', 'CHN054021', '西藏', '昌都', '察雅县'),
	('CHN054021027', 'CHN054021', '西藏', '昌都', '八宿县'),
	('CHN054021028', 'CHN054021', '西藏', '昌都', '左贡县'),
	('CHN054021029', 'CHN054021', '西藏', '昌都', '芒康县'),
	('CHN054021032', 'CHN054021', '西藏', '昌都', '洛隆县'),
	('CHN054021033', 'CHN054021', '西藏', '昌都', '边坝县'),
	('CHN054022021', 'CHN054022', '西藏', '山南', '乃东县'),
	('CHN054022022', 'CHN054022', '西藏', '山南', '扎囊县'),
	('CHN054022023', 'CHN054022', '西藏', '山南', '贡嘎县'),
	('CHN054022024', 'CHN054022', '西藏', '山南', '桑日县'),
	('CHN054022025', 'CHN054022', '西藏', '山南', '琼结县'),
	('CHN054022026', 'CHN054022', '西藏', '山南', '曲松县'),
	('CHN054022027', 'CHN054022', '西藏', '山南', '措美县'),
	('CHN054022028', 'CHN054022', '西藏', '山南', '洛扎县'),
	('CHN054022029', 'CHN054022', '西藏', '山南', '加查县'),
	('CHN054022031', 'CHN054022', '西藏', '山南', '隆子县'),
	('CHN054022032', 'CHN054022', '西藏', '山南', '错那县'),
	('CHN054022033', 'CHN054022', '西藏', '山南', '浪卡子县'),
	('CHN054023001', 'CHN054023', '西藏', '日喀则', '日喀则市'),
	('CHN054023022', 'CHN054023', '西藏', '日喀则', '南木林县'),
	('CHN054023023', 'CHN054023', '西藏', '日喀则', '江孜县'),
	('CHN054023024', 'CHN054023', '西藏', '日喀则', '定日县'),
	('CHN054023025', 'CHN054023', '西藏', '日喀则', '萨迦县'),
	('CHN054023026', 'CHN054023', '西藏', '日喀则', '拉孜县'),
	('CHN054023027', 'CHN054023', '西藏', '日喀则', '昂仁县'),
	('CHN054023028', 'CHN054023', '西藏', '日喀则', '谢通门县'),
	('CHN054023029', 'CHN054023', '西藏', '日喀则', '白朗县'),
	('CHN054023030', 'CHN054023', '西藏', '日喀则', '仁布县'),
	('CHN054023031', 'CHN054023', '西藏', '日喀则', '康马县'),
	('CHN054023032', 'CHN054023', '西藏', '日喀则', '定结县'),
	('CHN054023033', 'CHN054023', '西藏', '日喀则', '仲巴县'),
	('CHN054023034', 'CHN054023', '西藏', '日喀则', '亚东县'),
	('CHN054023035', 'CHN054023', '西藏', '日喀则', '吉隆县'),
	('CHN054023036', 'CHN054023', '西藏', '日喀则', '聂拉木县'),
	('CHN054023037', 'CHN054023', '西藏', '日喀则', '萨嘎县'),
	('CHN054023038', 'CHN054023', '西藏', '日喀则', '岗巴县'),
	('CHN054024021', 'CHN054024', '西藏', '那曲', '那曲县'),
	('CHN054024022', 'CHN054024', '西藏', '那曲', '嘉黎县'),
	('CHN054024023', 'CHN054024', '西藏', '那曲', '比如县'),
	('CHN054024024', 'CHN054024', '西藏', '那曲', '聂荣县'),
	('CHN054024025', 'CHN054024', '西藏', '那曲', '安多县'),
	('CHN054024026', 'CHN054024', '西藏', '那曲', '申扎县'),
	('CHN054024027', 'CHN054024', '西藏', '那曲', '索　县'),
	('CHN054024028', 'CHN054024', '西藏', '那曲', '班戈县'),
	('CHN054024029', 'CHN054024', '西藏', '那曲', '巴青县'),
	('CHN054024030', 'CHN054024', '西藏', '那曲', '尼玛县'),
	('CHN054025021', 'CHN054025', '西藏', '阿里', '普兰县'),
	('CHN054025022', 'CHN054025', '西藏', '阿里', '札达县'),
	('CHN054025023', 'CHN054025', '西藏', '阿里', '噶尔县'),
	('CHN054025024', 'CHN054025', '西藏', '阿里', '日土县'),
	('CHN054025025', 'CHN054025', '西藏', '阿里', '革吉县'),
	('CHN054025026', 'CHN054025', '西藏', '阿里', '改则县'),
	('CHN054025027', 'CHN054025', '西藏', '阿里', '措勤县'),
	('CHN054026021', 'CHN054026', '西藏', '林芝', '林芝县'),
	('CHN054026022', 'CHN054026', '西藏', '林芝', '工布江达县'),
	('CHN054026023', 'CHN054026', '西藏', '林芝', '米林县'),
	('CHN054026024', 'CHN054026', '西藏', '林芝', '墨脱县'),
	('CHN054026025', 'CHN054026', '西藏', '林芝', '波密县'),
	('CHN054026026', 'CHN054026', '西藏', '林芝', '察隅县'),
	('CHN054026027', 'CHN054026', '西藏', '林芝', '朗　县'),
	('CHN061001002', 'CHN061001', '陕西', '西安', '新城区'),
	('CHN061001003', 'CHN061001', '陕西', '西安', '碑林区'),
	('CHN061001004', 'CHN061001', '陕西', '西安', '莲湖区'),
	('CHN061001011', 'CHN061001', '陕西', '西安', '灞桥区'),
	('CHN061001012', 'CHN061001', '陕西', '西安', '未央区'),
	('CHN061001013', 'CHN061001', '陕西', '西安', '雁塔区'),
	('CHN061001014', 'CHN061001', '陕西', '西安', '阎良区'),
	('CHN061001015', 'CHN061001', '陕西', '西安', '临潼区'),
	('CHN061001016', 'CHN061001', '陕西', '西安', '长安区'),
	('CHN061001022', 'CHN061001', '陕西', '西安', '蓝田县'),
	('CHN061001024', 'CHN061001', '陕西', '西安', '周至县'),
	('CHN061001025', 'CHN061001', '陕西', '西安', '户　县'),
	('CHN061001026', 'CHN061001', '陕西', '西安', '高陵县'),
	('CHN061002002', 'CHN061002', '陕西', '铜川', '王益区'),
	('CHN061002003', 'CHN061002', '陕西', '铜川', '印台区'),
	('CHN061002004', 'CHN061002', '陕西', '铜川', '耀州区'),
	('CHN061002022', 'CHN061002', '陕西', '铜川', '宜君县'),
	('CHN061003002', 'CHN061003', '陕西', '宝鸡', '渭滨区'),
	('CHN061003003', 'CHN061003', '陕西', '宝鸡', '金台区'),
	('CHN061003004', 'CHN061003', '陕西', '宝鸡', '陈仓区'),
	('CHN061003022', 'CHN061003', '陕西', '宝鸡', '凤翔县'),
	('CHN061003023', 'CHN061003', '陕西', '宝鸡', '岐山县'),
	('CHN061003024', 'CHN061003', '陕西', '宝鸡', '扶风县'),
	('CHN061003026', 'CHN061003', '陕西', '宝鸡', '眉　县'),
	('CHN061003027', 'CHN061003', '陕西', '宝鸡', '陇　县'),
	('CHN061003028', 'CHN061003', '陕西', '宝鸡', '千阳县'),
	('CHN061003029', 'CHN061003', '陕西', '宝鸡', '麟游县'),
	('CHN061003030', 'CHN061003', '陕西', '宝鸡', '凤　县'),
	('CHN061003031', 'CHN061003', '陕西', '宝鸡', '太白县'),
	('CHN061004002', 'CHN061004', '陕西', '咸阳', '秦都区'),
	('CHN061004003', 'CHN061004', '陕西', '咸阳', '杨凌区'),
	('CHN061004004', 'CHN061004', '陕西', '咸阳', '渭城区'),
	('CHN061004022', 'CHN061004', '陕西', '咸阳', '三原县'),
	('CHN061004023', 'CHN061004', '陕西', '咸阳', '泾阳县'),
	('CHN061004024', 'CHN061004', '陕西', '咸阳', '乾　县'),
	('CHN061004025', 'CHN061004', '陕西', '咸阳', '礼泉县'),
	('CHN061004026', 'CHN061004', '陕西', '咸阳', '永寿县'),
	('CHN061004027', 'CHN061004', '陕西', '咸阳', '彬　县'),
	('CHN061004028', 'CHN061004', '陕西', '咸阳', '长武县'),
	('CHN061004029', 'CHN061004', '陕西', '咸阳', '旬邑县'),
	('CHN061004030', 'CHN061004', '陕西', '咸阳', '淳化县'),
	('CHN061004031', 'CHN061004', '陕西', '咸阳', '武功县'),
	('CHN061004081', 'CHN061004', '陕西', '咸阳', '兴平市'),
	('CHN061005002', 'CHN061005', '陕西', '渭南', '临渭区'),
	('CHN061005021', 'CHN061005', '陕西', '渭南', '华　县'),
	('CHN061005022', 'CHN061005', '陕西', '渭南', '潼关县'),
	('CHN061005023', 'CHN061005', '陕西', '渭南', '大荔县'),
	('CHN061005024', 'CHN061005', '陕西', '渭南', '合阳县'),
	('CHN061005025', 'CHN061005', '陕西', '渭南', '澄城县'),
	('CHN061005026', 'CHN061005', '陕西', '渭南', '蒲城县'),
	('CHN061005027', 'CHN061005', '陕西', '渭南', '白水县'),
	('CHN061005028', 'CHN061005', '陕西', '渭南', '富平县'),
	('CHN061005081', 'CHN061005', '陕西', '渭南', '韩城市'),
	('CHN061005082', 'CHN061005', '陕西', '渭南', '华阴市'),
	('CHN061006002', 'CHN061006', '陕西', '延安', '宝塔区'),
	('CHN061006021', 'CHN061006', '陕西', '延安', '延长县'),
	('CHN061006022', 'CHN061006', '陕西', '延安', '延川县'),
	('CHN061006023', 'CHN061006', '陕西', '延安', '子长县'),
	('CHN061006024', 'CHN061006', '陕西', '延安', '安塞县'),
	('CHN061006025', 'CHN061006', '陕西', '延安', '志丹县'),
	('CHN061006026', 'CHN061006', '陕西', '延安', '吴起县'),
	('CHN061006027', 'CHN061006', '陕西', '延安', '甘泉县'),
	('CHN061006028', 'CHN061006', '陕西', '延安', '富　县'),
	('CHN061006029', 'CHN061006', '陕西', '延安', '洛川县'),
	('CHN061006030', 'CHN061006', '陕西', '延安', '宜川县'),
	('CHN061006031', 'CHN061006', '陕西', '延安', '黄龙县'),
	('CHN061006032', 'CHN061006', '陕西', '延安', '黄陵县'),
	('CHN061007002', 'CHN061007', '陕西', '汉中', '汉台区'),
	('CHN061007021', 'CHN061007', '陕西', '汉中', '南郑县'),
	('CHN061007022', 'CHN061007', '陕西', '汉中', '城固县'),
	('CHN061007023', 'CHN061007', '陕西', '汉中', '洋　县'),
	('CHN061007024', 'CHN061007', '陕西', '汉中', '西乡县'),
	('CHN061007025', 'CHN061007', '陕西', '汉中', '勉　县'),
	('CHN061007026', 'CHN061007', '陕西', '汉中', '宁强县'),
	('CHN061007027', 'CHN061007', '陕西', '汉中', '略阳县'),
	('CHN061007028', 'CHN061007', '陕西', '汉中', '镇巴县'),
	('CHN061007029', 'CHN061007', '陕西', '汉中', '留坝县'),
	('CHN061007030', 'CHN061007', '陕西', '汉中', '佛坪县'),
	('CHN061008002', 'CHN061008', '陕西', '榆林', '榆阳区'),
	('CHN061008021', 'CHN061008', '陕西', '榆林', '神木县'),
	('CHN061008022', 'CHN061008', '陕西', '榆林', '府谷县'),
	('CHN061008023', 'CHN061008', '陕西', '榆林', '横山县'),
	('CHN061008024', 'CHN061008', '陕西', '榆林', '靖边县'),
	('CHN061008025', 'CHN061008', '陕西', '榆林', '定边县'),
	('CHN061008026', 'CHN061008', '陕西', '榆林', '绥德县'),
	('CHN061008027', 'CHN061008', '陕西', '榆林', '米脂县'),
	('CHN061008028', 'CHN061008', '陕西', '榆林', '佳　县'),
	('CHN061008029', 'CHN061008', '陕西', '榆林', '吴堡县'),
	('CHN061008030', 'CHN061008', '陕西', '榆林', '清涧县'),
	('CHN061008031', 'CHN061008', '陕西', '榆林', '子洲县'),
	('CHN061009002', 'CHN061009', '陕西', '安康', '汉滨区'),
	('CHN061009021', 'CHN061009', '陕西', '安康', '汉阴县'),
	('CHN061009022', 'CHN061009', '陕西', '安康', '石泉县'),
	('CHN061009023', 'CHN061009', '陕西', '安康', '宁陕县'),
	('CHN061009024', 'CHN061009', '陕西', '安康', '紫阳县'),
	('CHN061009025', 'CHN061009', '陕西', '安康', '岚皋县'),
	('CHN061009026', 'CHN061009', '陕西', '安康', '平利县'),
	('CHN061009027', 'CHN061009', '陕西', '安康', '镇坪县'),
	('CHN061009028', 'CHN061009', '陕西', '安康', '旬阳县'),
	('CHN061009029', 'CHN061009', '陕西', '安康', '白河县'),
	('CHN061010002', 'CHN061010', '陕西', '商洛', '商州区'),
	('CHN061010021', 'CHN061010', '陕西', '商洛', '洛南县'),
	('CHN061010022', 'CHN061010', '陕西', '商洛', '丹凤县'),
	('CHN061010023', 'CHN061010', '陕西', '商洛', '商南县'),
	('CHN061010024', 'CHN061010', '陕西', '商洛', '山阳县'),
	('CHN061010025', 'CHN061010', '陕西', '商洛', '镇安县'),
	('CHN061010026', 'CHN061010', '陕西', '商洛', '柞水县'),
	('CHN062001002', 'CHN062001', '甘肃', '兰州市', '城关区'),
	('CHN062001003', 'CHN062001', '甘肃', '兰州市', '七里河区'),
	('CHN062001004', 'CHN062001', '甘肃', '兰州市', '西固区'),
	('CHN062001005', 'CHN062001', '甘肃', '兰州市', '安宁区'),
	('CHN062001011', 'CHN062001', '甘肃', '兰州市', '红古区'),
	('CHN062001021', 'CHN062001', '甘肃', '兰州市', '永登县'),
	('CHN062001022', 'CHN062001', '甘肃', '兰州市', '皋兰县'),
	('CHN062001023', 'CHN062001', '甘肃', '兰州市', '榆中县'),
	('CHN062002000', 'CHN062002', '甘肃', '嘉峪关', '嘉峪关市'),
	('CHN062003002', 'CHN062003', '甘肃', '金昌', '金川区'),
	('CHN062003021', 'CHN062003', '甘肃', '金昌', '永昌县'),
	('CHN062004002', 'CHN062004', '甘肃', '白银', '白银区'),
	('CHN062004003', 'CHN062004', '甘肃', '白银', '平川区'),
	('CHN062004021', 'CHN062004', '甘肃', '白银', '靖远县'),
	('CHN062004022', 'CHN062004', '甘肃', '白银', '会宁县'),
	('CHN062004023', 'CHN062004', '甘肃', '白银', '景泰县'),
	('CHN062005002', 'CHN062005', '甘肃', '天水', '秦州区'),
	('CHN062005003', 'CHN062005', '甘肃', '天水', '麦积区'),
	('CHN062005021', 'CHN062005', '甘肃', '天水', '清水县'),
	('CHN062005022', 'CHN062005', '甘肃', '天水', '秦安县'),
	('CHN062005023', 'CHN062005', '甘肃', '天水', '甘谷县'),
	('CHN062005024', 'CHN062005', '甘肃', '天水', '武山县'),
	('CHN062005025', 'CHN062005', '甘肃', '天水', '张家川回族自治县'),
	('CHN062006002', 'CHN062006', '甘肃', '武威', '凉州区'),
	('CHN062006021', 'CHN062006', '甘肃', '武威', '民勤县'),
	('CHN062006022', 'CHN062006', '甘肃', '武威', '古浪县'),
	('CHN062006023', 'CHN062006', '甘肃', '武威', '天祝藏族自治县'),
	('CHN062007002', 'CHN062007', '甘肃', '张掖', '甘州区'),
	('CHN062007021', 'CHN062007', '甘肃', '张掖', '肃南裕固族自治县'),
	('CHN062007022', 'CHN062007', '甘肃', '张掖', '民乐县'),
	('CHN062007023', 'CHN062007', '甘肃', '张掖', '临泽县'),
	('CHN062007024', 'CHN062007', '甘肃', '张掖', '高台县'),
	('CHN062007025', 'CHN062007', '甘肃', '张掖', '山丹县'),
	('CHN062008002', 'CHN062008', '甘肃', '平凉', '崆峒区'),
	('CHN062008021', 'CHN062008', '甘肃', '平凉', '泾川县'),
	('CHN062008022', 'CHN062008', '甘肃', '平凉', '灵台县'),
	('CHN062008023', 'CHN062008', '甘肃', '平凉', '崇信县'),
	('CHN062008024', 'CHN062008', '甘肃', '平凉', '华亭县'),
	('CHN062008025', 'CHN062008', '甘肃', '平凉', '庄浪县'),
	('CHN062008026', 'CHN062008', '甘肃', '平凉', '静宁县'),
	('CHN062009002', 'CHN062009', '甘肃', '酒泉', '肃州区'),
	('CHN062009021', 'CHN062009', '甘肃', '酒泉', '金塔县'),
	('CHN062009022', 'CHN062009', '甘肃', '酒泉', '瓜州县'),
	('CHN062009023', 'CHN062009', '甘肃', '酒泉', '肃北蒙古族自治县'),
	('CHN062009024', 'CHN062009', '甘肃', '酒泉', '阿克塞哈萨克族自治县'),
	('CHN062009081', 'CHN062009', '甘肃', '酒泉', '玉门市'),
	('CHN062009082', 'CHN062009', '甘肃', '酒泉', '敦煌市'),
	('CHN062010002', 'CHN062010', '甘肃', '庆阳', '西峰区'),
	('CHN062010021', 'CHN062010', '甘肃', '庆阳', '庆城县'),
	('CHN062010022', 'CHN062010', '甘肃', '庆阳', '环　县'),
	('CHN062010023', 'CHN062010', '甘肃', '庆阳', '华池县'),
	('CHN062010024', 'CHN062010', '甘肃', '庆阳', '合水县'),
	('CHN062010025', 'CHN062010', '甘肃', '庆阳', '正宁县'),
	('CHN062010026', 'CHN062010', '甘肃', '庆阳', '宁　县'),
	('CHN062010027', 'CHN062010', '甘肃', '庆阳', '镇原县'),
	('CHN062011002', 'CHN062011', '甘肃', '定西', '安定区'),
	('CHN062011021', 'CHN062011', '甘肃', '定西', '通渭县'),
	('CHN062011022', 'CHN062011', '甘肃', '定西', '陇西县'),
	('CHN062011023', 'CHN062011', '甘肃', '定西', '渭源县'),
	('CHN062011024', 'CHN062011', '甘肃', '定西', '临洮县'),
	('CHN062011025', 'CHN062011', '甘肃', '定西', '漳　县'),
	('CHN062011026', 'CHN062011', '甘肃', '定西', '岷　县'),
	('CHN062012002', 'CHN062012', '甘肃', '陇南', '武都区'),
	('CHN062012021', 'CHN062012', '甘肃', '陇南', '成　县'),
	('CHN062012022', 'CHN062012', '甘肃', '陇南', '文　县'),
	('CHN062012023', 'CHN062012', '甘肃', '陇南', '宕昌县'),
	('CHN062012024', 'CHN062012', '甘肃', '陇南', '康　县'),
	('CHN062012025', 'CHN062012', '甘肃', '陇南', '西和县'),
	('CHN062012026', 'CHN062012', '甘肃', '陇南', '礼　县'),
	('CHN062012027', 'CHN062012', '甘肃', '陇南', '徽　县'),
	('CHN062012028', 'CHN062012', '甘肃', '陇南', '两当县'),
	('CHN062029001', 'CHN062029', '甘肃', '临夏', '临夏市'),
	('CHN062029021', 'CHN062029', '甘肃', '临夏', '临夏县'),
	('CHN062029022', 'CHN062029', '甘肃', '临夏', '康乐县'),
	('CHN062029023', 'CHN062029', '甘肃', '临夏', '永靖县'),
	('CHN062029024', 'CHN062029', '甘肃', '临夏', '广河县'),
	('CHN062029025', 'CHN062029', '甘肃', '临夏', '和政县'),
	('CHN062029026', 'CHN062029', '甘肃', '临夏', '东乡族自治县'),
	('CHN062029027', 'CHN062029', '甘肃', '临夏', '积石山保安族东乡族撒拉族自治县'),
	('CHN062030001', 'CHN062030', '甘肃', '甘南', '合作市'),
	('CHN062030021', 'CHN062030', '甘肃', '甘南', '临潭县'),
	('CHN062030022', 'CHN062030', '甘肃', '甘南', '卓尼县'),
	('CHN062030023', 'CHN062030', '甘肃', '甘南', '舟曲县'),
	('CHN062030024', 'CHN062030', '甘肃', '甘南', '迭部县'),
	('CHN062030025', 'CHN062030', '甘肃', '甘南', '玛曲县'),
	('CHN062030026', 'CHN062030', '甘肃', '甘南', '碌曲县'),
	('CHN062030027', 'CHN062030', '甘肃', '甘南', '夏河县'),
	('CHN063001002', 'CHN063001', '青海', '西宁', '城东区'),
	('CHN063001003', 'CHN063001', '青海', '西宁', '城中区'),
	('CHN063001004', 'CHN063001', '青海', '西宁', '城西区'),
	('CHN063001005', 'CHN063001', '青海', '西宁', '城北区'),
	('CHN063001021', 'CHN063001', '青海', '西宁', '大通回族土族自治县'),
	('CHN063001022', 'CHN063001', '青海', '西宁', '湟中县'),
	('CHN063001023', 'CHN063001', '青海', '西宁', '湟源县'),
	('CHN063021021', 'CHN063021', '青海', '海东', '平安县'),
	('CHN063021022', 'CHN063021', '青海', '海东', '民和回族土族自治县'),
	('CHN063021023', 'CHN063021', '青海', '海东', '乐都县'),
	('CHN063021026', 'CHN063021', '青海', '海东', '互助土族自治县'),
	('CHN063021027', 'CHN063021', '青海', '海东', '化隆回族自治县'),
	('CHN063021028', 'CHN063021', '青海', '海东', '循化撒拉族自治县'),
	('CHN063022021', 'CHN063022', '青海', '海北', '门源回族自治县'),
	('CHN063022022', 'CHN063022', '青海', '海北', '祁连县'),
	('CHN063022023', 'CHN063022', '青海', '海北', '海晏县'),
	('CHN063022024', 'CHN063022', '青海', '海北', '刚察县'),
	('CHN063023021', 'CHN063023', '青海', '黄南', '同仁县'),
	('CHN063023022', 'CHN063023', '青海', '黄南', '尖扎县'),
	('CHN063023023', 'CHN063023', '青海', '黄南', '泽库县'),
	('CHN063023024', 'CHN063023', '青海', '黄南', '河南蒙古族自治县'),
	('CHN063025021', 'CHN063025', '青海', '海南', '共和县'),
	('CHN063025022', 'CHN063025', '青海', '海南', '同德县'),
	('CHN063025023', 'CHN063025', '青海', '海南', '贵德县'),
	('CHN063025024', 'CHN063025', '青海', '海南', '兴海县'),
	('CHN063025025', 'CHN063025', '青海', '海南', '贵南县'),
	('CHN063026021', 'CHN063026', '青海', '果洛', '玛沁县'),
	('CHN063026022', 'CHN063026', '青海', '果洛', '班玛县'),
	('CHN063026023', 'CHN063026', '青海', '果洛', '甘德县'),
	('CHN063026024', 'CHN063026', '青海', '果洛', '达日县'),
	('CHN063026025', 'CHN063026', '青海', '果洛', '久治县'),
	('CHN063026026', 'CHN063026', '青海', '果洛', '玛多县'),
	('CHN063027021', 'CHN063027', '青海', '玉树', '玉树县'),
	('CHN063027022', 'CHN063027', '青海', '玉树', '杂多县'),
	('CHN063027023', 'CHN063027', '青海', '玉树', '称多县'),
	('CHN063027024', 'CHN063027', '青海', '玉树', '治多县'),
	('CHN063027025', 'CHN063027', '青海', '玉树', '囊谦县'),
	('CHN063027026', 'CHN063027', '青海', '玉树', '曲麻莱县'),
	('CHN063028001', 'CHN063028', '青海', '海西', '格尔木市'),
	('CHN063028002', 'CHN063028', '青海', '海西', '德令哈市'),
	('CHN063028021', 'CHN063028', '青海', '海西', '乌兰县'),
	('CHN063028022', 'CHN063028', '青海', '海西', '都兰县'),
	('CHN063028023', 'CHN063028', '青海', '海西', '天峻县'),
	('CHN064001004', 'CHN064001', '宁夏', '银川', '兴庆区'),
	('CHN064001005', 'CHN064001', '宁夏', '银川', '西夏区'),
	('CHN064001006', 'CHN064001', '宁夏', '银川', '金凤区'),
	('CHN064001021', 'CHN064001', '宁夏', '银川', '永宁县'),
	('CHN064001022', 'CHN064001', '宁夏', '银川', '贺兰县'),
	('CHN064001081', 'CHN064001', '宁夏', '银川', '灵武市'),
	('CHN064002002', 'CHN064002', '宁夏', '石嘴山', '大武口区'),
	('CHN064002005', 'CHN064002', '宁夏', '石嘴山', '惠农区'),
	('CHN064002021', 'CHN064002', '宁夏', '石嘴山', '平罗县'),
	('CHN064003002', 'CHN064003', '宁夏', '吴忠', '利通区'),
	('CHN064003003', 'CHN064003', '宁夏', '吴忠', '红寺堡区'),
	('CHN064003023', 'CHN064003', '宁夏', '吴忠', '盐池县'),
	('CHN064003024', 'CHN064003', '宁夏', '吴忠', '同心县'),
	('CHN064003081', 'CHN064003', '宁夏', '吴忠', '青铜峡市'),
	('CHN064004002', 'CHN064004', '宁夏', '固原', '原州区'),
	('CHN064004022', 'CHN064004', '宁夏', '固原', '西吉县'),
	('CHN064004023', 'CHN064004', '宁夏', '固原', '隆德县'),
	('CHN064004024', 'CHN064004', '宁夏', '固原', '泾源县'),
	('CHN064004025', 'CHN064004', '宁夏', '固原', '彭阳县'),
	('CHN064005002', 'CHN064005', '宁夏', '中卫', '沙坡头区'),
	('CHN064005021', 'CHN064005', '宁夏', '中卫', '中宁县'),
	('CHN064005022', 'CHN064005', '宁夏', '中卫', '海原县'),
	('CHN065001002', 'CHN065001', '新疆', '乌鲁木齐', '天山区'),
	('CHN065001003', 'CHN065001', '新疆', '乌鲁木齐', '沙依巴克区'),
	('CHN065001004', 'CHN065001', '新疆', '乌鲁木齐', '新市区'),
	('CHN065001005', 'CHN065001', '新疆', '乌鲁木齐', '水磨沟区'),
	('CHN065001006', 'CHN065001', '新疆', '乌鲁木齐', '头屯河区'),
	('CHN065001007', 'CHN065001', '新疆', '乌鲁木齐', '达坂城区'),
	('CHN065001009', 'CHN065001', '新疆', '乌鲁木齐', '米东区'),
	('CHN065001021', 'CHN065001', '新疆', '乌鲁木齐', '乌鲁木齐县'),
	('CHN065002002', 'CHN065002', '新疆', '克拉玛依', '独山子区'),
	('CHN065002003', 'CHN065002', '新疆', '克拉玛依', '克拉玛依区'),
	('CHN065002004', 'CHN065002', '新疆', '克拉玛依', '白碱滩区'),
	('CHN065002005', 'CHN065002', '新疆', '克拉玛依', '乌尔禾区'),
	('CHN065021001', 'CHN065021', '新疆', '吐鲁番', '吐鲁番市'),
	('CHN065021022', 'CHN065021', '新疆', '吐鲁番', '鄯善县'),
	('CHN065021023', 'CHN065021', '新疆', '吐鲁番', '托克逊县'),
	('CHN065022001', 'CHN065022', '新疆', '哈密', '哈密市'),
	('CHN065022022', 'CHN065022', '新疆', '哈密', '巴里坤哈萨克自治县'),
	('CHN065022023', 'CHN065022', '新疆', '哈密', '伊吾县'),
	('CHN065023001', 'CHN065023', '新疆', '昌吉', '昌吉市'),
	('CHN065023002', 'CHN065023', '新疆', '昌吉', '阜康市'),
	('CHN065023023', 'CHN065023', '新疆', '昌吉', '呼图壁县'),
	('CHN065023024', 'CHN065023', '新疆', '昌吉', '玛纳斯县'),
	('CHN065023025', 'CHN065023', '新疆', '昌吉', '奇台县'),
	('CHN065023027', 'CHN065023', '新疆', '昌吉', '吉木萨尔县'),
	('CHN065023028', 'CHN065023', '新疆', '昌吉', '木垒哈萨克自治县'),
	('CHN065027001', 'CHN065027', '新疆', '博尔塔拉', '博乐市'),
	('CHN065027022', 'CHN065027', '新疆', '博尔塔拉', '精河县'),
	('CHN065027023', 'CHN065027', '新疆', '博尔塔拉', '温泉县'),
	('CHN065028001', 'CHN065028', '新疆', '巴音郭楞', '库尔勒市'),
	('CHN065028022', 'CHN065028', '新疆', '巴音郭楞', '轮台县'),
	('CHN065028023', 'CHN065028', '新疆', '巴音郭楞', '尉犁县'),
	('CHN065028024', 'CHN065028', '新疆', '巴音郭楞', '若羌县'),
	('CHN065028025', 'CHN065028', '新疆', '巴音郭楞', '且末县'),
	('CHN065028026', 'CHN065028', '新疆', '巴音郭楞', '焉耆回族自治县'),
	('CHN065028027', 'CHN065028', '新疆', '巴音郭楞', '和静县'),
	('CHN065028028', 'CHN065028', '新疆', '巴音郭楞', '和硕县'),
	('CHN065028029', 'CHN065028', '新疆', '巴音郭楞', '博湖县'),
	('CHN065029001', 'CHN065029', '新疆', '阿克苏', '阿克苏市'),
	('CHN065029022', 'CHN065029', '新疆', '阿克苏', '温宿县'),
	('CHN065029023', 'CHN065029', '新疆', '阿克苏', '库车县'),
	('CHN065029024', 'CHN065029', '新疆', '阿克苏', '沙雅县'),
	('CHN065029025', 'CHN065029', '新疆', '阿克苏', '新和县'),
	('CHN065029026', 'CHN065029', '新疆', '阿克苏', '拜城县'),
	('CHN065029027', 'CHN065029', '新疆', '阿克苏', '乌什县'),
	('CHN065029028', 'CHN065029', '新疆', '阿克苏', '阿瓦提县'),
	('CHN065029029', 'CHN065029', '新疆', '阿克苏', '柯坪县'),
	('CHN065030001', 'CHN065030', '新疆', '克孜勒苏', '阿图什市'),
	('CHN065030022', 'CHN065030', '新疆', '克孜勒苏', '阿克陶县'),
	('CHN065030023', 'CHN065030', '新疆', '克孜勒苏', '阿合奇县'),
	('CHN065030024', 'CHN065030', '新疆', '克孜勒苏', '乌恰县'),
	('CHN065031001', 'CHN065031', '新疆', '喀什', '喀什市'),
	('CHN065031021', 'CHN065031', '新疆', '喀什', '疏附县'),
	('CHN065031022', 'CHN065031', '新疆', '喀什', '疏勒县'),
	('CHN065031023', 'CHN065031', '新疆', '喀什', '英吉沙县'),
	('CHN065031024', 'CHN065031', '新疆', '喀什', '泽普县'),
	('CHN065031025', 'CHN065031', '新疆', '喀什', '莎车县'),
	('CHN065031026', 'CHN065031', '新疆', '喀什', '叶城县'),
	('CHN065031027', 'CHN065031', '新疆', '喀什', '麦盖提县'),
	('CHN065031028', 'CHN065031', '新疆', '喀什', '岳普湖县'),
	('CHN065031029', 'CHN065031', '新疆', '喀什', '伽师县'),
	('CHN065031030', 'CHN065031', '新疆', '喀什', '巴楚县'),
	('CHN065031031', 'CHN065031', '新疆', '喀什', '塔什库尔干塔吉克自治县'),
	('CHN065032001', 'CHN065032', '新疆', '和田', '和田市'),
	('CHN065032021', 'CHN065032', '新疆', '和田', '和田县'),
	('CHN065032022', 'CHN065032', '新疆', '和田', '墨玉县'),
	('CHN065032023', 'CHN065032', '新疆', '和田', '皮山县'),
	('CHN065032024', 'CHN065032', '新疆', '和田', '洛浦县'),
	('CHN065032025', 'CHN065032', '新疆', '和田', '策勒县'),
	('CHN065032026', 'CHN065032', '新疆', '和田', '于田县'),
	('CHN065032027', 'CHN065032', '新疆', '和田', '民丰县'),
	('CHN065040002', 'CHN065040', '新疆', '伊犁', '伊宁市'),
	('CHN065040003', 'CHN065040', '新疆', '伊犁', '奎屯市'),
	('CHN065040021', 'CHN065040', '新疆', '伊犁', '伊宁县'),
	('CHN065040022', 'CHN065040', '新疆', '伊犁', '察布查尔锡伯自治县'),
	('CHN065040023', 'CHN065040', '新疆', '伊犁', '霍城县'),
	('CHN065040024', 'CHN065040', '新疆', '伊犁', '巩留县'),
	('CHN065040025', 'CHN065040', '新疆', '伊犁', '新源县'),
	('CHN065040026', 'CHN065040', '新疆', '伊犁', '昭苏县'),
	('CHN065040027', 'CHN065040', '新疆', '伊犁', '特克斯县'),
	('CHN065040028', 'CHN065040', '新疆', '伊犁', '尼勒克县'),
	('CHN065042001', 'CHN065042', '新疆', '塔城', '塔城市'),
	('CHN065042002', 'CHN065042', '新疆', '塔城', '乌苏市'),
	('CHN065042021', 'CHN065042', '新疆', '塔城', '额敏县'),
	('CHN065042023', 'CHN065042', '新疆', '塔城', '沙湾县'),
	('CHN065042024', 'CHN065042', '新疆', '塔城', '托里县'),
	('CHN065042025', 'CHN065042', '新疆', '塔城', '裕民县'),
	('CHN065042026', 'CHN065042', '新疆', '塔城', '和布克赛尔蒙古自治县'),
	('CHN065043001', 'CHN065043', '新疆', '阿勒泰', '阿勒泰市'),
	('CHN065043021', 'CHN065043', '新疆', '阿勒泰', '布尔津县'),
	('CHN065043022', 'CHN065043', '新疆', '阿勒泰', '富蕴县'),
	('CHN065043023', 'CHN065043', '新疆', '阿勒泰', '福海县'),
	('CHN065043024', 'CHN065043', '新疆', '阿勒泰', '哈巴河县'),
	('CHN065043025', 'CHN065043', '新疆', '阿勒泰', '青河县'),
	('CHN065043026', 'CHN065043', '新疆', '阿勒泰', '吉木乃县');
/*!40000 ALTER TABLE `region` ENABLE KEYS */;


-- 导出  表 db_rblog.state 结构
CREATE TABLE IF NOT EXISTS `state` (
  `code` varchar(6) COLLATE utf8_unicode_ci NOT NULL COMMENT '州（省）编码',
  `name` varchar(5) COLLATE utf8_unicode_ci NOT NULL COMMENT '州（省）名称',
  PRIMARY KEY (`code`)
) ENGINE=InnoDB DEFAULT CHARSET=utf8 COLLATE=utf8_unicode_ci;

-- 正在导出表  db_rblog.state 的数据：~34 rows (大约)
DELETE FROM `state`;
/*!40000 ALTER TABLE `state` DISABLE KEYS */;
INSERT INTO `state` (`code`, `name`) VALUES
	('CHN011', '北京'),
	('CHN012', '天津'),
	('CHN013', '河北'),
	('CHN014', '山西'),
	('CHN015', '内蒙古'),
	('CHN021', '辽宁'),
	('CHN022', '吉林'),
	('CHN023', '黑龙江'),
	('CHN031', '上海'),
	('CHN032', '江苏'),
	('CHN033', '浙江'),
	('CHN034', '安徽'),
	('CHN035', '福建'),
	('CHN036', '江西'),
	('CHN037', '山东'),
	('CHN041', '河南'),
	('CHN042', '湖北'),
	('CHN043', '湖南'),
	('CHN044', '广东'),
	('CHN045', '广西'),
	('CHN046', '海南'),
	('CHN050', '重庆'),
	('CHN051', '四川'),
	('CHN052', '贵州'),
	('CHN053', '云南'),
	('CHN054', '西藏'),
	('CHN061', '陕西'),
	('CHN062', '甘肃'),
	('CHN063', '青海'),
	('CHN064', '宁夏'),
	('CHN065', '新疆'),
	('CHN071', '台湾'),
	('CHN081', '香港'),
	('CHN082', '澳门');
/*!40000 ALTER TABLE `state` ENABLE KEYS */;
/*!40101 SET SQL_MODE=IFNULL(@OLD_SQL_MODE, '') */;
/*!40014 SET FOREIGN_KEY_CHECKS=IF(@OLD_FOREIGN_KEY_CHECKS IS NULL, 1, @OLD_FOREIGN_KEY_CHECKS) */;
/*!40101 SET CHARACTER_SET_CLIENT=@OLD_CHARACTER_SET_CLIENT */;
